R,algorithm,date,iteration,seed,size
10000,RLSSDstar,20210111152146_603,5684172,16103748777342010,100
2500,RLSSDstar,20210111152300_199,228651,16103749789237270,50
2500,RLSSDstar,20210111152300_708,328233,16103749789236440,50
2500,RLSSDstar,20210111152303_314,409230,16103749810338280,50
2500,RLSSDstar,20210111152304_078,203282,16103749828677580,50
2500,RLSSDstar,20210111152304_81,770192,16103749803884390,50
2500,RLSSDstar,20210111152309_683,492622,16103749867870290,50
2500,RLSSDstar,20210111152310_74,520035,16103749876717020,50
2500,RLSSDstar,20210111152311_077,237278,16103749896835990,50
2500,RLSSDstar,20210111152312_164,269965,16103749907406320,50
2500,RLSSDstar,20210111152314_103,454820,16103749920300650,50
3600,RLSSDstar,20210112130827_477,341476,16104533048573520,60
3600,RLSSDstar,20210112130828_566,499894,16104533048573520,60
1600,RLSSDstar,20210112130828_791,117611,16104533081494600,40
1600,RLSSDstar,20210112130829_293,100710,16104533087922780,40
3600,RLSSDstar,20210112130832_793,1214919,16104533048609360,60
1600,RLSSDstar,20210112130833_692,123856,16104533127949892,40
3600,RLSSDstar,20210112130833_758,678596,16104533095542720,60
3600,RLSSDstar,20210112130835_537,624042,16104533111411910,60
1600,RLSSDstar,20210112130835_932,87486,16104533153655180,40
1600,RLSSDstar,20210112130836_109,154487,16104533151813560,40
3600,RLSSDstar,20210112130838_029,420589,16104533155383720,60
1600,RLSSDstar,20210112130838_138,211589,16104533168778660,40
1600,RLSSDstar,20210112130840_263,145168,16104533194641098,40
1600,RLSSDstar,20210112130842_077,205768,16104533208951070,40
3600,RLSSDstar,20210112130846_638,970916,16104533210659320,60
3600,RLSSDstar,20210112130848_077,1063664,16104533220784020,60
1600,RLSSDstar,20210112130854_45,312923,16104533328430140,40
3600,RLSSDstar,20210112130857_597,634836,16104533344510390,60
1600,RLSSDstar,20210112130858_215,134923,16104533375979782,40
3600,RLSSDstar,20210112130903_14,1111885,16104533382159400,60
15752961,RLSSDstar,20210112132552_199,42899,16104543456800800,24
15752961,RLSSDstar,20210112132556_167,31371,16104543516442400,24
15752961,RLSSDstar,20210112132559_667,52928,16104543522006700,24
15752961,RLSSDstar,20210112132600_927,34423,16104543561683750,24
15752961,RLSSDstar,20210112132602_335,33419,16104543577064828,24
15752961,RLSSDstar,20210112132602_636,35936,16104543577875760,24
15752961,RLSSDstar,20210112132612_241,33242,16104543677363410,24
15752961,RLSSDstar,20210112132614_87,44329,16104543685468668,24
15752961,RLSSDstar,20210112132620_96,39895,16104543754362450,24
15752961,RLSSDstar,20210112132621_918,33344,16104543772757160,24
15752961,RLSSDstar,20210112132622_105,51440,16104543748706688,24
15752961,RLSSDstar,20210112132628_581,44581,16104543819190580,24
15752961,RLSSDstar,20210112132633_195,30408,16104543890518610,24
15752961,RLSSDstar,20210112132633_943,45389,16104543875278708,24
15752961,RLSSDstar,20210112132635_657,48397,16104543885818610,24
15752961,RLSSDstar,20210112132638_452,30541,16104543939440650,24
15752961,RLSSDstar,20210112132638_756,37653,16104543931965290,24
15752961,RLSSDstar,20210112132640_415,39760,16104543956584270,24
15752961,RLSSDstar,20210112132641_475,34840,16104543987573770,24
15752961,RLSSDstar,20210112132642_087,51088,16104543984532080,24
13845841,RLSSDstar,20210112133536_766,35958,16104549310677340,24
13845841,RLSSDstar,20210112133541_713,31761,16104549367673320,24
276922881,RLSSDstar,20210112133545_571,153310,16104548971472260,36
13845841,RLSSDstar,20210112133553_4,36340,16104549455722662,24
276922881,RLSSDstar,20210112133722_002,185587,16104550181201740,36
13845841,RLSSDstar,20210112133723_566,24627,16104550420032270,24
276922881,RLSSDstar,20210112133727_972,204925,16104550221205480,36
13845841,RLSSDstar,20210112133729_941,25063,16104550483959980,24
276922881,RLSSDstar,20210112133748_979,178769,16104550483346282,36
276922881,RLSSDstar,20210112133807_212,205634,16104550717174940,36
12960000,RLSSDstar,20210112134358_42,26127,16104554343854260,24
12960000,RLSSDstar,20210112134557_377,32928,16104555527775100,24
12960000,RLSSDstar,20210112134622_764,33463,16104555770604690,24
157351936,RLSSDstar,20210112134623_936,127165,16104555486454188,36
157351936,RLSSDstar,20210112134650_787,102877,16104555839368470,36
12960000,RLSSDstar,20210112134654_892,28316,16104556107885000,24
12960000,RLSSDstar,20210112134706_077,34539,16104556208239390,24
157351936,RLSSDstar,20210112134759_308,133733,16104556316956748,36
741200625,RLSSDstar,20210112134839_124,289756,16104555827662370,46
741200625,RLSSDstar,20210112134903_411,243382,16104556194389610,46
12960000,RLSSDstar,20210112134944_28,40275,16104557784492910,24
157351936,RLSSDstar,20210112135032_982,123427,16104557932630890,36
741200625,RLSSDstar,20210112135035_268,262956,16104557191285510,46
157351936,RLSSDstar,20210112135215_297,112821,16104559037369320,36
741200625,RLSSDstar,20210112135218_313,333063,16104558055835040,46
12960000,RLSSDstar,20210112135241_864,31434,16104559565773190,24
741200625,RLSSDstar,20210112135335_164,326965,16104558890355092,46
157351936,RLSSDstar,20210112135420_535,145901,16104560232209600,36
741200625,RLSSDstar,20210112135427_034,289652,16104559605588160,46
12960000,RLSSDstar,20210112135454_082,22893,16104560919254330,24
157351936,RLSSDstar,20210112135521_16,137922,16104560964314088,36
157351936,RLSSDstar,20210112135557_376,128789,16104561357443572,36
741200625,RLSSDstar,20210112135739_239,327590,16104561671081710,46
12960000,RLSSDstar,20210112135749_892,26813,16104562655834410,24
181063936,RLSSDstar,20210112135839_797,137688,16104562767080970,36
20151121,RLSSDstar,20210112135941_629,48695,16104563737595980,24
181063936,RLSSDstar,20210112135942_606,121864,16104563487456910,36
20151121,RLSSDstar,20210112135957_479,42913,16104563906821960,24
157351936,RLSSDstar,20210112140009_979,141533,16104563744618160,36
181063936,RLSSDstar,20210112140035_211,145624,16104563974803690,36
181063936,RLSSDstar,20210112140036_179,204853,16104563816307250,36
181063936,RLSSDstar,20210112140149_589,137937,16104564722404290,36
181063936,RLSSDstar,20210112140152_911,124103,16104564787140670,36
741200625,RLSSDstar,20210112140158_923,248260,16104564265736800,46
741200625,RLSSDstar,20210112140206_947,314868,16104564099796340,46
181063936,RLSSDstar,20210112140246_602,125699,16104565269485760,36
20151121,RLSSDstar,20210112140251_812,30512,16104565666039160,24
20151121,RLSSDstar,20210112140337_153,37154,16104566131880620,24
181063936,RLSSDstar,20210112140409_846,114638,16104566311813950,36
20151121,RLSSDstar,20210112140414_37,37106,16104566518983540,24
20151121,RLSSDstar,20210112140424_956,43957,16104566622426960,24
20151121,RLSSDstar,20210112140442_059,36312,16104566804855400,24
20151121,RLSSDstar,20210112140453_474,44360,16104566913216040,24
20151121,RLSSDstar,20210112140455_519,33227,16104566939081100,24
20151121,RLSSDstar,20210112140503_591,45109,16104567016588010,24
181063936,RLSSDstar,20210112140513_494,143757,16104567035919240,36
181063936,RLSSDstar,20210112140521_599,120706,16104567134962090,36
57289761,RLSSDstar,20210112143643_146,63919,16104585903732800,24
384160000,RLSSDstar,20210112143728_892,193380,16104585903736860,36
384160000,RLSSDstar,20210112143737_778,220374,16104585952433680,36
57289761,RLSSDstar,20210112143750_618,78180,16104586577792480,24
384160000,RLSSDstar,20210112143755_318,188418,16104586267792910,36
57289761,RLSSDstar,20210112143800_635,77405,16104586737400752,24
57289761,RLSSDstar,20210112143805_931,66510,16104586806359730,24
384160000,RLSSDstar,20210112143813_488,239939,16104586620076270,36
21381376,RLSSDstar,20210112144346_684,37860,16104590204852020,24
21381376,RLSSDstar,20210112144503_647,42484,16104590961510630,24
1146228736,RLSSDstar,20210112144525_103,290650,16104589983977070,48
1146228736,RLSSDstar,20210112144604_097,375021,16104590006837330,48
1146228736,RLSSDstar,20210112144712_908,312145,16104591059974800,48
285610000,RLSSDstar,20210112144750_09,180884,16104592329092510,36
1146228736,RLSSDstar,20210112144805_383,356208,16104591640988080,48
21381376,RLSSDstar,20210112144809_991,38816,16104592853849030,24
285610000,RLSSDstar,20210112144847_663,192078,16104592899920420,36
285610000,RLSSDstar,20210112144848_821,168939,16104592962148450,36
285610000,RLSSDstar,20210112144954_162,181999,16104593730193300,36
21381376,RLSSDstar,20210112145024_561,45396,16104594226810030,24
260144641,RLSSDstar,20210112145548_265,179107,16104596970189030,36
260144641,RLSSDstar,20210112145556_295,170284,16104597069439760,36
25411681,RLSSDstar,20210112145726_114,48663,16104598363060970,24
1121513121,RLSSDstar,20210112145758_332,405537,16104597043107260,48
260144641,RLSSDstar,20210112145832_915,174019,16104598482626470,36
260144641,RLSSDstar,20210112145857_098,174284,16104598689401280,36
260144641,RLSSDstar,20210112150004_196,136785,16104599669687860,36
1121513121,RLSSDstar,20210112150038_961,353697,16104598783326672,48
1121513121,RLSSDstar,20210112150050_386,448560,16104598498373010,48
260144641,RLSSDstar,20210112150204_603,181790,16104600711133420,36
25411681,RLSSDstar,20210112150222_525,50943,16104601344063220,24
1121513121,RLSSDstar,20210112150236_772,368303,16104600041976500,48
25411681,RLSSDstar,20210112150352_969,55867,16104602234771932,24
260144641,RLSSDstar,20210112150404_542,211135,16104601827318348,36
25411681,RLSSDstar,20210112150410_685,66572,16104602391862370,24
25411681,RLSSDstar,20210112150413_497,40259,16104602467467080,24
1121513121,RLSSDstar,20210112150504_241,363982,16104601567735168,48
260144641,RLSSDstar,20210112150546_625,151951,16104603042425320,36
25411681,RLSSDstar,20210112150554_557,42963,16104603466272048,24
260144641,RLSSDstar,20210112150626_866,214125,16104603259684032,36
260144641,RLSSDstar,20210112150646_032,172601,16104603588548670,36
1121513121,RLSSDstar,20210112150658_252,421837,16104602534981210,48
260144641,RLSSDstar,20210112150713_951,172597,16104603868680260,36
25411681,RLSSDstar,20210112150720_581,43037,16104604339528380,24
25411681,RLSSDstar,20210112150727_65,44491,16104604405817690,24
25411681,RLSSDstar,20210112150756_903,55064,16104604677038692,24
260144641,RLSSDstar,20210112150850_242,189503,16104604769037120,36
1121513121,RLSSDstar,20210112150922_365,395472,16104604068286300,48
260144641,RLSSDstar,20210112150947_747,205099,16104605302435650,36
1121513121,RLSSDstar,20210112151105_944,413585,16104604996253860,48
25411681,RLSSDstar,20210112151109_274,73686,16104606561448490,24
1121513121,RLSSDstar,20210112151114_139,404795,16104605085418270,48
260144641,RLSSDstar,20210112151206_023,196298,16104606692746250,36
1121513121,RLSSDstar,20210112151217_587,402045,16104605738032480,48
25411681,RLSSDstar,20210112151410_251,58564,16104608391894810,24
1121513121,RLSSDstar,20210112151443_504,398749,16104607260247130,48
25411681,RLSSDstar,20210112151616_472,43972,16104609695347490,24
1121513121,RLSSDstar,20210112151628_196,433332,16104608179837410,48
25411681,RLSSDstar,20210112151714_261,43034,16104610270301080,24
25411681,RLSSDstar,20210112151726_46,55240,16104610375455750,24
260144641,RLSSDstar,20210112151736_356,176312,16104610081549330,36
25411681,RLSSDstar,20210112151751_072,41950,16104610644635050,24
25411681,RLSSDstar,20210112151847_748,31297,16104611224651170,24
1121513121,RLSSDstar,20210112151941_008,319298,16104610563566210,48
1121513121,RLSSDstar,20210112152217_939,409131,16104611810101780,48
25411681,RLSSDstar,20210112152245_132,38096,16104613587125390,24
25411681,RLSSDstar,20210112152320_816,45265,16104613942075510,24
25411681,RLSSDstar,20210112152337_641,50105,16104614099078850,24
260144641,RLSSDstar,20210112152408_774,159442,16104614060283100,36
260144641,RLSSDstar,20210112152434_929,178652,16104614266837260,36
260144641,RLSSDstar,20210112152559_693,177198,16104615148593308,36
1121513121,RLSSDstar,20210112152613_135,347403,16104614504245450,48
1121513121,RLSSDstar,20210112152736_937,370677,16104615649192750,48
1121513121,RLSSDstar,20210112152741_917,356091,16104615731355670,48
25411681,RLSSDstar,20210112152744_984,52282,16104616590715270,24
1121513121,RLSSDstar,20210112152747_411,361982,16104615777274950,48
260144641,RLSSDstar,20210112152845_476,179300,16104616915717880,36
1121513121,RLSSDstar,20210112152931_363,457153,16104616676555740,48
1121513121,RLSSDstar,20210112152941_016,375678,16104617076745990,48
260144641,RLSSDstar,20210112152947_065,162491,16104617713649010,36
49787136,RLSSDstar,20210112154417_889,5365,16104626563531720,24
1049760000,RLSSDstar,20210112154529_956,81547,16104626938220912,36
9475854336,RLSSDstar,20210112154647_671,207780,16104626578933510,48
9475854336,RLSSDstar,20210112154925_454,219978,16104628076724250,48
49787136,RLSSDstar,20210112154953_226,16725,16104629900000260,24
49787136,RLSSDstar,20210112155013_6,15791,16104630096301050,24
1049760000,RLSSDstar,20210112155501_282,68270,16104632757878758,36
9475854336,RLSSDstar,20210112155559_54,191579,16104632337998660,48
49787136,RLSSDstar,20210112155603_82,15521,16104633608781280,24
49787136,RLSSDstar,20210112155608_066,11065,16104633659283180,24
9475854336,RLSSDstar,20210112155823_318,156249,16104633708290300,48
49787136,RLSSDstar,20210112155914_187,16523,16104635505674340,24
9475854336,RLSSDstar,20210112160023_479,153598,16104635019743422,48
49787136,RLSSDstar,20210112160025_828,11056,16104636234808100,24
49787136,RLSSDstar,20210112160049_431,12608,16104636466496360,24
1049760000,RLSSDstar,20210112160126_28,91147,16104636494329780,36
1049760000,RLSSDstar,20210112160149_693,50489,16104636862816780,36
49787136,RLSSDstar,20210112160304_035,22455,16104637799095450,24
9475854336,RLSSDstar,20210112160331_07,217221,16104636590446220,48
9475854336,RLSSDstar,20210112160449_102,153925,16104637858513890,48
49787136,RLSSDstar,20210112160500_312,11572,16104638980413960,24
9475854336,RLSSDstar,20210112160516_351,125964,16104638320645310,48
49787136,RLSSDstar,20210112160545_245,13480,16104639427205570,24
1049760000,RLSSDstar,20210112160749_077,43094,16104640520810000,36
1049760000,RLSSDstar,20210112160816_285,49917,16104640768840790,36
9475854336,RLSSDstar,20210112161039_172,157037,16104641354825980,48
9475854336,RLSSDstar,20210112161059_321,99440,16104641930818860,48
49787136,RLSSDstar,20210112161137_267,9374,16104642954961080,24
9475854336,RLSSDstar,20210112161255_471,165719,16104642639510980,48
9475854336,RLSSDstar,20210112161332_485,167417,16104642972705200,48
9475854336,RLSSDstar,20210112161701_51,184867,16104644973872020,48
1049760000,RLSSDstar,20210112161745_424,80189,16104646346715780,36
49787136,RLSSDstar,20210112161749_284,11331,16104646672130680,24
49787136,RLSSDstar,20210112161923_022,20517,16104647583309850,24
1049760000,RLSSDstar,20210112161953_652,62302,16104647666861740,36
9475854336,RLSSDstar,20210112162034_07,135818,16104647417707100,48
49787136,RLSSDstar,20210112162101_372,3997,16104648604045060,24
9475854336,RLSSDstar,20210112162101_747,280601,16104646692846020,48
9475854336,RLSSDstar,20210112162303_957,119058,16104649030148020,48
49787136,RLSSDstar,20210112162308_082,19126,16104649839588562,24
1049760000,RLSSDstar,20210112162544_633,63968,16104651273160980,36
1049760000,RLSSDstar,20210112162608_042,41794,16104651572617600,36
1049760000,RLSSDstar,20210112162630_103,60317,16104651730490120,36
1049760000,RLSSDstar,20210112162735_432,39692,16104652452612680,36
49787136,RLSSDstar,20210112162812_383,14525,16104652904918398,24
1049760000,RLSSDstar,20210112162824_098,47414,16104652923844882,36
1049760000,RLSSDstar,20210112162829_242,37155,16104653001157640,36
49787136,RLSSDstar,20210112162903_32,11559,16104653418617660,24
1049760000,RLSSDstar,20210112162903_772,59258,16104653287383030,36
49787136,RLSSDstar,20210112162905_052,13310,16104653433219650,24
1049760000,RLSSDstar,20210112163021_515,35656,16104654126878810,36
9475854336,RLSSDstar,20210112163045_937,234930,16104653462070910,48
9475854336,RLSSDstar,20210112163523_117,245564,16104656203832870,48
1049760000,RLSSDstar,20210112163752_914,52224,16104658591963850,36
49787136,RLSSDstar,20210112163755_327,20800,16104658729158910,24
9475854336,RLSSDstar,20210112163812_731,252273,16104657864805170,48
1049760000,RLSSDstar,20210112163829_604,39118,16104659001762900,36
1049760000,RLSSDstar,20210112163840_555,39698,16104659109722590,36
1049760000,RLSSDstar,20210112163845_435,18345,16104659205563300,36
9475854336,RLSSDstar,20210112164055_011,264326,16104659939631620,48
157529610000,RLSSDstar,20210112190400_835,2476930,16104690559417200,36
157529610000,RLSSDstar,20210112191114_295,2792430,16104690559783630,36
1303210000,RLSSDstar,20210113080021_267,306717,16105210958372850,20
1303210000,RLSSDstar,20210113080048_42,251269,16105211477252080,20
8100000000,RLSSDstar,20210113080430_467,590876,16105210958424922,25
8100000000,RLSSDstar,20210113080649_313,542195,16105212484724870,25
35806100625,RLSSDstar,20210113081635_746,984923,16105212239260190,30
8100000000,RLSSDstar,20210113082451_093,549261,16105223453804930,25
35806100625,RLSSDstar,20210113083031_927,971808,16105221428500618,30
35806100625,RLSSDstar,20210113083455_441,1222805,16105221957474120,30
8100000000,RLSSDstar,20210113083537_243,491362,16105230319281002,25
35806100625,RLSSDstar,20210113084711_058,1256221,16105228435688650,30
35806100625,RLSSDstar,20210113085605_911,1100708,16105235149373810,30
1303210000,RLSSDstar,20210113090408_319,285584,16105249308815470,20
4100625,RLSSDstar,20210113091350_463,12462,16105256292478230,10
4100625,RLSSDstar,20210113091350_855,11208,16105256297551752,10
4100625,RLSSDstar,20210113091357_097,14082,16105256355136672,10
4100625,RLSSDstar,20210113091358_192,9384,16105256370982530,10
121550625,RLSSDstar,20210113091403_777,75625,16105256262881650,15
1303210000,RLSSDstar,20210113091523_403,187724,16105256434312680,20
1303210000,RLSSDstar,20210113091559_082,253623,16105256516399820,20
121550625,RLSSDstar,20210113091602_571,73442,16105257447486510,15
4100625,RLSSDstar,20210113091642_794,14889,16105258010688390,10
1303210000,RLSSDstar,20210113091650_636,203831,16105257234051620,20
121550625,RLSSDstar,20210113091707_417,70529,16105258109739030,15
121550625,RLSSDstar,20210113091726_048,103437,16105258222507638,15
4100625,RLSSDstar,20210113091736_92,15039,16105258554218960,10
4100625,RLSSDstar,20210113091750_504,15574,16105258689714000,10
121550625,RLSSDstar,20210113091757_321,79034,16105258593016720,15
121550625,RLSSDstar,20210113091934_442,72434,16105259579747478,15
1303210000,RLSSDstar,20210113091948_921,294712,16105258705044760,20
4100625,RLSSDstar,20210113091954_073,18396,16105259922205860,10
1303210000,RLSSDstar,20210113092121_635,235946,16105259992501710,20
1303210000,RLSSDstar,20210113092142_772,305352,16105260023462780,20
1303210000,RLSSDstar,20210113092150_641,230535,16105260436700480,20
121550625,RLSSDstar,20210113092201_19,62894,16105261106427720,15
121550625,RLSSDstar,20210113092217_969,87538,16105261237757140,15
4100625,RLSSDstar,20210113092419_496,11411,16105262590302340,10
1303210000,RLSSDstar,20210113092426_554,288463,16105262224827080,20
4100625,RLSSDstar,20210113092427_279,17907,16105262665548970,10
1303210000,RLSSDstar,20210113092451_373,212649,16105262594972830,20
1303210000,RLSSDstar,20210113092506_679,260136,16105262677421500,20
121550625,RLSSDstar,20210113092513_0,67412,16105263069493042,15
121550625,RLSSDstar,20210113092517_74,78105,16105263130008480,15
100000000,RLSSDstar,20210114094439_107,573,16106138783058780,100
100000000,RLSSDstar,20210114094439_934,479,16106138799325680,100
100000000,RLSSDstar,20210114094440_084,412,16106138800835782,100
100000000,RLSSDstar,20210114094440_085,484,16106138800835120,100
100000000,RLSSDstar,20210114094440_088,558,16106138800866712,100
100000000,RLSSDstar,20210114094440_091,549,16106138800900080,100
100000000,RLSSDstar,20210114094440_092,533,16106138800909640,100
100000000,RLSSDstar,20210114094440_092,445,16106138800915192,100
100000000,RLSSDstar,20210114094440_093,545,16106138800917390,100
100000000,RLSSDstar,20210114094440_096,414,16106138800950810,100
100000000,RLSSDstar,20210114094440_096,484,16106138800953390,100
100000000,RLSSDstar,20210114094440_096,532,16106138800956700,100
100000000,RLSSDstar,20210114094440_102,459,16106138801009380,100
100000000,RLSSDstar,20210114094440_102,444,16106138801011428,100
100000000,RLSSDstar,20210114094440_102,887,16106138801002810,100
100000000,RLSSDstar,20210114094440_103,318,16106138801023210,100
100000000,RLSSDstar,20210114094440_105,550,16106138801039100,100
100000000,RLSSDstar,20210114094440_106,316,16106138801053470,100
100000000,RLSSDstar,20210114094440_107,403,16106138801062250,100
100000000,RLSSDstar,20210114094440_108,408,16106138801074770,100
100000000,RLSSDstar,20210114094440_108,501,16106138801076282,100
100000000,RLSSDstar,20210114094440_109,326,16106138801088390,100
100000000,RLSSDstar,20210114094440_109,427,16106138801088360,100
100000000,RLSSDstar,20210114094440_13,377,16106138801291922,100
100000000,RLSSDstar,20210114094440_131,378,16106138801300048,100
100000000,RLSSDstar,20210114094440_131,500,16106138801301170,100
100000000,RLSSDstar,20210114094440_132,670,16106138801305000,100
100000000,RLSSDstar,20210114094440_135,693,16106138801335900,100
100000000,RLSSDstar,20210114094440_135,397,16106138801346000,100
100000000,RLSSDstar,20210114094440_136,377,16106138801358680,100
100000000,RLSSDstar,20210114094440_138,464,16106138801370190,100
100000000,RLSSDstar,20210114094440_138,433,16106138801375188,100
100000000,RLSSDstar,20210114094440_139,482,16106138801383122,100
100000000,RLSSDstar,20210114094440_141,446,16106138801402240,100
100000000,RLSSDstar,20210114094440_141,508,16106138801403890,100
100000000,RLSSDstar,20210114094440_144,466,16106138801428480,100
100000000,RLSSDstar,20210114094440_145,332,16106138801442630,100
100000000,RLSSDstar,20210114094440_145,475,16106138801441200,100
100000000,RLSSDstar,20210114094440_145,523,16106138801442550,100
100000000,RLSSDstar,20210114094440_149,384,16106138801483260,100
100000000,RLSSDstar,20210114094440_149,483,16106138801484070,100
100000000,RLSSDstar,20210114094440_152,572,16106138801513628,100
100000000,RLSSDstar,20210114094440_153,445,16106138801519990,100
100000000,RLSSDstar,20210114094440_153,589,16106138801517870,100
100000000,RLSSDstar,20210114094440_167,593,16106138801659600,100
100000000,RLSSDstar,20210114094440_168,439,16106138801669828,100
100000000,RLSSDstar,20210114094440_168,443,16106138801671770,100
100000000,RLSSDstar,20210114094440_174,594,16106138801731410,100
100000000,RLSSDstar,20210114094440_175,360,16106138801746870,100
100000000,RLSSDstar,20210114094440_175,263,16106138801750938,100
100000000,RLSSDstar,20210114094440_176,253,16106138801760130,100
100000000,RLSSDstar,20210114094440_177,309,16106138801767210,100
100000000,RLSSDstar,20210114094440_178,514,16106138801773560,100
100000000,RLSSDstar,20210114094440_178,387,16106138801778368,100
100000000,RLSSDstar,20210114094440_181,459,16106138801809152,100
100000000,RLSSDstar,20210114094440_182,319,16106138801815960,100
100000000,RLSSDstar,20210114094440_183,379,16106138801825882,100
100000000,RLSSDstar,20210114094440_183,672,16106138801821220,100
100000000,RLSSDstar,20210114094440_183,474,16106138801825800,100
100000000,RLSSDstar,20210114094440_185,409,16106138801840480,100
100000000,RLSSDstar,20210114094440_185,318,16106138801838560,100
100000000,RLSSDstar,20210114094440_185,449,16106138801837590,100
100000000,RLSSDstar,20210114094440_186,399,16106138801854000,100
100000000,RLSSDstar,20210114094440_2,340,16106138801997970,100
100000000,RLSSDstar,20210114094440_2,494,16106138801996260,100
100000000,RLSSDstar,20210114094440_204,515,16106138802033260,100
100000000,RLSSDstar,20210114094440_205,475,16106138802040610,100
100000000,RLSSDstar,20210114094440_207,415,16106138802062408,100
100000000,RLSSDstar,20210114094440_208,370,16106138802077470,100
100000000,RLSSDstar,20210114094440_209,487,16106138802088230,100
100000000,RLSSDstar,20210114094440_209,491,16106138802088000,100
100000000,RLSSDstar,20210114094440_213,386,16106138802128100,100
100000000,RLSSDstar,20210114094440_215,451,16106138802139830,100
100000000,RLSSDstar,20210114094440_216,345,16106138802153620,100
100000000,RLSSDstar,20210114094440_216,397,16106138802155320,100
100000000,RLSSDstar,20210114094440_218,450,16106138802169312,100
100000000,RLSSDstar,20210114094440_22,378,16106138802191470,100
100000000,RLSSDstar,20210114094440_222,492,16106138802205278,100
100000000,RLSSDstar,20210114094440_223,521,16106138802219328,100
100000000,RLSSDstar,20210114094440_235,538,16106138802253170,100
100000000,RLSSDstar,20210114094440_235,654,16106138802250890,100
100000000,RLSSDstar,20210114094440_238,763,16106138802369890,100
100000000,RLSSDstar,20210114094440_242,379,16106138802418180,100
100000000,RLSSDstar,20210114094440_243,528,16106138802420090,100
100000000,RLSSDstar,20210114094440_243,485,16106138802428120,100
100000000,RLSSDstar,20210114094440_247,403,16106138802462170,100
100000000,RLSSDstar,20210114094440_248,306,16106138802473472,100
100000000,RLSSDstar,20210114094440_248,432,16106138802478490,100
100000000,RLSSDstar,20210114094440_251,414,16106138802507430,100
100000000,RLSSDstar,20210114094440_256,541,16106138802556010,100
100000000,RLSSDstar,20210114094440_258,709,16106138802565830,100
100000000,RLSSDstar,20210114094440_266,467,16106138802582890,100
100000000,RLSSDstar,20210114094440_267,440,16106138802660670,100
100000000,RLSSDstar,20210114094440_267,516,16106138802667980,100
100000000,RLSSDstar,20210114094440_269,337,16106138802680830,100
100000000,RLSSDstar,20210114094440_273,348,16106138802728010,100
100000000,RLSSDstar,20210114094440_275,631,16106138802740468,100
100000000,RLSSDstar,20210114094440_281,498,16106138802801098,100
1000000,RLSSDstar,20210114095009_823,6463,16106142097988232,1000
4000000,RLSSDstar,20210114095009_884,15148,16106142098241060,2000
1000000,RLSSDstar,20210114095009_956,5977,16106142099200590,1000
1000000,RLSSDstar,20210114095009_996,4812,16106142099718310,1000
4000000,RLSSDstar,20210114095010_146,12541,16106142101059740,2000
1000000,RLSSDstar,20210114095010_164,5614,16106142101499920,1000
4000000,RLSSDstar,20210114095010_184,13274,16106142101445600,2000
1000000,RLSSDstar,20210114095010_21,7333,16106142101889720,1000
1000000,RLSSDstar,20210114095010_236,8811,16106142102111070,1000
1000000,RLSSDstar,20210114095010_412,6953,16106142103917830,1000
4000000,RLSSDstar,20210114095010_428,12486,16106142103920528,2000
4000000,RLSSDstar,20210114095010_516,21787,16106142103967100,2000
4000000,RLSSDstar,20210114095010_745,14798,16106142106288120,2000
1000000,RLSSDstar,20210114095010_773,8564,16106142107418840,1000
4000000,RLSSDstar,20210114095010_809,14444,16106142107584838,2000
1000000,RLSSDstar,20210114095010_832,6889,16106142108128770,1000
1000000,RLSSDstar,20210114095010_888,7195,16106142108663830,1000
1000000,RLSSDstar,20210114095010_899,5836,16106142108850310,1000
4000000,RLSSDstar,20210114095010_974,12426,16106142108837810,2000
1000000,RLSSDstar,20210114095010_993,6974,16106142109745720,1000
1000000,RLSSDstar,20210114095011_01,6959,16106142109939610,1000
1000000,RLSSDstar,20210114095011_012,5257,16106142109987450,1000
4000000,RLSSDstar,20210114095011_046,12100,16106142110125110,2000
4000000,RLSSDstar,20210114095011_203,14250,16106142111612730,2000
4000000,RLSSDstar,20210114095011_241,14196,16106142112041410,2000
4000000,RLSSDstar,20210114095011_346,17427,16106142112418850,2000
1000000,RLSSDstar,20210114095011_358,8643,16106142112769280,1000
1000000,RLSSDstar,20210114095011_375,6840,16106142113586550,1000
4000000,RLSSDstar,20210114095011_418,15657,16106142113759110,2000
1000000,RLSSDstar,20210114095011_43,4644,16106142114185470,1000
4000000,RLSSDstar,20210114095011_516,18407,16106142114171640,2000
1000000,RLSSDstar,20210114095011_653,5230,16106142115665240,1000
4000000,RLSSDstar,20210114095011_688,13289,16106142116536460,2000
1000000,RLSSDstar,20210114095011_725,5715,16106142117080460,1000
1000000,RLSSDstar,20210114095011_758,5249,16106142117447600,1000
4000000,RLSSDstar,20210114095011_908,15239,16106142117708098,2000
4000000,RLSSDstar,20210114095011_959,12049,16106142119174940,2000
4000000,RLSSDstar,20210114095011_992,12661,16106142119535800,2000
4000000,RLSSDstar,20210114095012_023,20803,16106142119594250,2000
4000000,RLSSDstar,20210114095012_058,19014,16106142119955720,2000
1000000,RLSSDstar,20210114095012_143,6305,16106142120530118,1000
4000000,RLSSDstar,20210114095012_147,15911,16106142120244328,2000
1000000,RLSSDstar,20210114095012_312,6080,16106142122917140,1000
1000000,RLSSDstar,20210114095012_429,7743,16106142123999290,1000
4000000,RLSSDstar,20210114095012_488,14085,16106142124104062,2000
4000000,RLSSDstar,20210114095012_518,14669,16106142124430420,2000
1000000,RLSSDstar,20210114095012_673,8388,16106142125890730,1000
1000000,RLSSDstar,20210114095012_734,6473,16106142127191492,1000
4000000,RLSSDstar,20210114095012_778,15963,16106142127349910,2000
4000000,RLSSDstar,20210114095012_98,12982,16106142129351140,2000
1000000,RLSSDstar,20210114095013_025,7012,16106142130030430,1000
1000000,RLSSDstar,20210114095013_127,7370,16106142130255380,1000
4000000,RLSSDstar,20210114095013_128,13047,16106142130068140,2000
1000000,RLSSDstar,20210114095013_149,5399,16106142131274158,1000

1000000,RLSSDstar,20210114095013_277,5903,16106142132558442,1000
1000000,RLSSDstar,20210114095013_377,6886,16106142132870970,1000
4000000,RLSSDstar,20210114095013_439,15457,16106142133794510,2000
4000000,RLSSDstar,20210114095013_439,15568,16106142133779660,2000
4000000,RLSSDstar,20210114095013_522,14556,16106142134645090,2000
1000000,RLSSDstar,20210114095013_534,6788,16106142135095180,1000
4000000,RLSSDstar,20210114095013_667,15894,16106142135656300,2000
1000000,RLSSDstar,20210114095013_688,9652,16106142136611150,1000
1000000,RLSSDstar,20210114095013_733,6565,16106142137131210,1000
1000000,RLSSDstar,20210114095013_766,7505,16106142137484830,1000
4000000,RLSSDstar,20210114095013_77,13031,16106142137341980,2000
1000000,RLSSDstar,20210114095013_798,6608,16106142137790410,1000
4000000,RLSSDstar,20210114095013_864,12491,16106142137668910,2000
1000000,RLSSDstar,20210114095013_875,6426,16106142137990560,1000
1000000,RLSSDstar,20210114095013_888,6773,16106142138648080,1000
1000000,RLSSDstar,20210114095013_921,6681,16106142139033200,1000
1000000,RLSSDstar,20210114095013_938,9881,16106142139122478,1000
4000000,RLSSDstar,20210114095013_968,11410,16106142139355040,2000
1000000,RLSSDstar,20210114095014_012,6304,16106142139936200,1000
4000000,RLSSDstar,20210114095014_122,14444,16106142140109480,2000
4000000,RLSSDstar,20210114095014_227,21119,16106142141579540,2000
1000000,RLSSDstar,20210114095014_231,5913,16106142142139690,1000
4000000,RLSSDstar,20210114095014_35,13799,16106142142269040,2000
4000000,RLSSDstar,20210114095014_376,16104,16106142142556870,2000
1000000,RLSSDstar,20210114095014_377,9310,16106142143509040,1000
4000000,RLSSDstar,20210114095014_413,14013,16106142143658410,2000
1000000,RLSSDstar,20210114095014_432,6730,16106142144138930,1000
4000000,RLSSDstar,20210114095014_465,17911,16106142144031580,2000
1000000,RLSSDstar,20210114095014_5,5708,16106142144810250,1000
4000000,RLSSDstar,20210114095014_526,15619,16106142144658238,2000
1000000,RLSSDstar,20210114095014_642,7833,16106142145563970,1000
4000000,RLSSDstar,20210114095014_645,16019,16106142145363310,2000
4000000,RLSSDstar,20210114095014_682,12040,16106142146453960,2000
4000000,RLSSDstar,20210114095014_739,15641,16106142146825840,2000
4000000,RLSSDstar,20210114095014_877,15743,16106142147663800,2000
1000000,RLSSDstar,20210114095014_964,7218,16106142149344730,1000
4000000,RLSSDstar,20210114095014_974,16636,16106142149047760,2000
1000000,RLSSDstar,20210114095015_179,5243,16106142151014150,1000
1000000,RLSSDstar,20210114095015_258,8725,16106142152259532,1000
1000000,RLSSDstar,20210114095015_337,5015,16106142153218240,1000
4000000,RLSSDstar,20210114095015_354,17079,16106142152979320,2000
1000000,RLSSDstar,20210114095015_358,4815,16106142153383952,1000
4000000,RLSSDstar,20210114095015_387,14998,16106142153269228,2000
1000000,RLSSDstar,20210114095015_603,5865,16106142155819572,1000
4000000,RLSSDstar,20210114095015_764,14410,16106142156226930,2000
4000000,RLSSDstar,20210114095015_779,11094,16106142157318060,2000
4000000,RLSSDstar,20210114095015_809,17723,16106142157377930,2000
1000000,RLSSDstar,20210114095016_076,6589,16106142160501030,1000
1000000,RLSSDstar,20210114095016_083,5950,16106142160556280,1000
1000000,RLSSDstar,20210114095016_104,5518,16106142160800700,1000
1000000,RLSSDstar,20210114095016_108,6812,16106142160775220,1000
4000000,RLSSDstar,20210114095016_111,18143,16106142160376970,2000
4000000,RLSSDstar,20210114095016_181,20706,16106142161054290,2000
1000000,RLSSDstar,20210114095016_203,5064,16106142161824340,1000
1000000,RLSSDstar,20210114095016_444,8182,16106142162181080,1000
1000000,RLSSDstar,20210114095016_479,6242,16106142164452100,1000
1000000,RLSSDstar,20210114095016_527,7031,16106142164920850,1000
4000000,RLSSDstar,20210114095016_56,13831,16106142164716750,2000
4000000,RLSSDstar,20210114095016_617,12958,16106142165598670,2000
4000000,RLSSDstar,20210114095016_633,13491,16106142165800518,2000
4000000,RLSSDstar,20210114095016_667,13825,16106142165949100,2000
1000000,RLSSDstar,20210114095016_715,7069,16106142166749812,1000
1000000,RLSSDstar,20210114095016_798,7874,16106142166949640,1000
4000000,RLSSDstar,20210114095016_834,14204,16106142167040350,2000
1000000,RLSSDstar,20210114095016_864,7220,16106142168285660,1000
4000000,RLSSDstar,20210114095016_927,15283,16106142168646070,2000
1000000,RLSSDstar,20210114095017_052,7418,16106142170124720,1000
1000000,RLSSDstar,20210114095017_154,7528,16106142170532910,1000
4000000,RLSSDstar,20210114095017_183,14672,16106142170568100,2000
4000000,RLSSDstar,20210114095017_215,12315,16106142171706040,2000
4000000,RLSSDstar,20210114095017_237,13384,16106142171843560,2000
1000000,RLSSDstar,20210114095017_25,8043,16106142172165142,1000
4000000,RLSSDstar,20210114095017_304,15193,16106142172379470,2000
1000000,RLSSDstar,20210114095017_313,4881,16106142172953342,1000
1000000,RLSSDstar,20210114095017_33,5121,16106142173118410,1000
4000000,RLSSDstar,20210114095017_391,12433,16106142173378770,2000
1000000,RLSSDstar,20210114095017_48,4753,16106142173916430,1000
4000000,RLSSDstar,20210114095017_709,15431,16106142175896202,2000
1000000,RLSSDstar,20210114095017_742,5738,16106142177100980,1000
4000000,RLSSDstar,20210114095017_751,15693,16106142176513310,2000
4000000,RLSSDstar,20210114095017_94,18347,16106142177431670,2000
4000000,RLSSDstar,20210114095017_942,13156,16106142177696040,2000
1000000,RLSSDstar,20210114095017_969,6067,16106142179413108,1000
1000000,RLSSDstar,20210114095018_006,8461,16106142179696200,1000
4000000,RLSSDstar,20210114095018_01,13689,16106142179432280,2000
4000000,RLSSDstar,20210114095018_057,13337,16106142179911790,2000
4000000,RLSSDstar,20210114095018_085,15405,16106142180125830,2000
1000000,RLSSDstar,20210114095018_106,6468,16106142180722840,1000
1000000,RLSSDstar,20210114095018_176,7059,16106142181457310,1000
1000000,RLSSDstar,20210114095018_178,7158,16106142181490120,1000
1000000,RLSSDstar,20210114095018_179,5785,16106142181554800,1000
4000000,RLSSDstar,20210114095018_303,12215,16106142181804650,2000
4000000,RLSSDstar,20210114095018_353,16667,16106142182793080,2000
1000000,RLSSDstar,20210114095018_38,6824,16106142183535730,1000
1000000,RLSSDstar,20210114095018_407,5766,16106142183803830,1000
1000000,RLSSDstar,20210114095018_408,6713,16106142183805088,1000
4000000,RLSSDstar,20210114095018_575,16791,16106142184409380,2000
4000000,RLSSDstar,20210114095018_627,12458,16106142184966610,2000
4000000,RLSSDstar,20210114095018_761,14497,16106142186725522,2000
1000000,RLSSDstar,20210114095018_787,5964,16106142187622540,1000
1000000,RLSSDstar,20210114095018_827,5270,16106142187994810,1000
1000000,RLSSDstar,20210114095018_856,5795,16106142188279710,1000
4000000,RLSSDstar,20210114095019_016,25289,16106142187691432,2000
4000000,RLSSDstar,20210114095019_142,19692,16106142190285900,2000
4000000,RLSSDstar,20210114095019_212,12266,16106142191193150,2000
4000000,RLSSDstar,20210114095019_237,11278,16106142191428110,2000
4000000,RLSSDstar,20210114095019_378,13314,16106142192386840,2000
1000000,RLSSDstar,20210114095019_502,7923,16106142194774670,1000
1000000,RLSSDstar,20210114095019_519,8191,16106142194930870,1000
1000000,RLSSDstar,20210114095019_527,7048,16106142195026300,1000
1000000,RLSSDstar,20210114095019_625,5722,16106142196058372,1000
4000000,RLSSDstar,20210114095019_629,18269,16106142195650720,2000
1000000,RLSSDstar,20210114095019_679,6340,16106142196570800,1000
4000000,RLSSDstar,20210114095019_782,16996,16106142196633470,2000
4000000,RLSSDstar,20210114095019_823,11233,16106142197833400,2000
1000000,RLSSDstar,20210114095019_827,8422,16106142198038070,1000
1000000,RLSSDstar,20210114095019_842,6572,16106142198229858,1000
4000000,RLSSDstar,20210114095019_87,15016,16106142198234910,2000
4000000,RLSSDstar,20210114095019_877,16242,16106142198276320,2000
1000000,RLSSDstar,20210114095020_033,5202,16106142200180120,1000
1000000,RLSSDstar,20210114095020_043,6753,16106142200248150,1000
1000000,RLSSDstar,20210114095020_059,5452,16106142200439630,1000
1000000,RLSSDstar,20210114095020_06,9246,16106142200333660,1000
4000000,RLSSDstar,20210114095020_093,13876,16106142200515650,2000
4000000,RLSSDstar,20210114095020_143,10895,16106142201134360,2000
4000000,RLSSDstar,20210114095020_145,14566,16106142201032830,2000
1000000,RLSSDstar,20210114095020_511,7275,16106142204870680,1000
1000000,RLSSDstar,20210114095020_764,9167,16106142207385672,1000
1000000,RLSSDstar,20210114095020_772,9279,16106142207477920,1000
4000000,RLSSDstar,20210114095020_838,16733,16106142207890310,2000
1000000,RLSSDstar,20210114095020_854,5682,16106142208392930,1000
4000000,RLSSDstar,20210114095020_955,12358,16106142208650680,2000
4000000,RLSSDstar,20210114095020_998,16635,16106142209556480,2000
4000000,RLSSDstar,20210114095021_006,13661,16106142209708180,2000
1000000,RLSSDstar,20210114095021_026,6783,16106142210071052,1000
4000000,RLSSDstar,20210114095021_04,13139,16106142210022600,2000
4000000,RLSSDstar,20210114095021_042,16104,16106142209986970,2000
1000000,RLSSDstar,20210114095021_042,5746,16106142210269548,1000
4000000,RLSSDstar,20210114095021_08,14826,16106142210413240,2000
4000000,RLSSDstar,20210114095021_244,17808,16106142211962460,2000
4000000,RLSSDstar,20210114095021_275,12392,16106142212437120,2000
4000000,RLSSDstar,20210114095021_343,13911,16106142212555580,2000
1000000,RLSSDstar,20210114095021_355,6335,16106142213377740,1000
1000000,RLSSDstar,20210114095021_419,8647,16106142213983058,1000
4000000,RLSSDstar,20210114095021_572,15662,16106142215335350,2000
331776,RLSSDstar,20210125174359_198,1073,16115930363065500,12
331776,RLSSDstar,20210125174400_2,686,16115930401827290,12
331776,RLSSDstar,20210125174400_21,1102,16115930401827310,12
331776,RLSSDstar,20210125175049_498,1251,16115934493580812,12
331776,RLSSDstar,20210125175049_678,1294,16115934495754320,12
331776,RLSSDstar,20210125175049_78,428,16115934497607170,12
331776,RLSSDstar,20210125175049_834,1897,16115934497648530,12
331776,RLSSDstar,20210125175049_891,367,16115934498354508,12
331776,RLSSDstar,20210125175049_917,484,16115934499079152,12
331776,RLSSDstar,20210125175049_924,722,16115934499107220,12
49787136,RLSSDstar,20210125175119_484,7001,16115934783004848,24
49787136,RLSSDstar,20210125175120_236,12119,16115934783004840,24
49787136,RLSSDstar,20210125175124_273,6074,16115934833076690,24
49787136,RLSSDstar,20210125175126_664,13669,16115934841993420,24
49787136,RLSSDstar,20210125175129_017,10340,16115934869390230,24
49787136,RLSSDstar,20210125175135_676,22744,16115934909708700,24
49787136,RLSSDstar,20210125175139_066,13060,16115934969214440,24
49787136,RLSSDstar,20210125175139_737,4889,16115934990668250,24
49787136,RLSSDstar,20210125175143_473,13020,16115935017018260,24
49787136,RLSSDstar,20210125175144_124,6965,16115935034739290,24
1049760000,RLSSDstar,20210125212739_478,46129,16116064383674800,36
9475854336,RLSSDstar,20210125213043_6,190665,16116065155748010,48
655360000,RLSSDstar,20210125213052_092,253329,16116065607473940,40
9475854336,RLSSDstar,20210125213505_123,169482,16116067872865210,48
3317760000,RLSSDstar,20210125213953_534,615053,16116068569088600,60
655360000,RLSSDstar,20210125214434_224,253233,16116073797029008,40
3317760000,RLSSDstar,20210125214637_163,754167,16116071667264240,60
1049760000,RLSSDstar,20210125214931_37,52179,16116077580112960,36
3317760000,RLSSDstar,20210125215032_97,765162,16116074626417250,60
655360000,RLSSDstar,20210125215135_537,241996,16116078329712592,40
1049760000,RLSSDstar,20210125215315_347,73028,16116079776016582,36
3317760000,RLSSDstar,20210125215530_524,605171,16116079301320570,60
1049760000,RLSSDstar,20210126104608_734,74266,16116543376151850,36
9475854336,RLSSDstar,20210126104842_754,247977,16116543375820752,48
100,RLSSDstar,20210126174524_713,16,16116795246677990,"(10, 20)"
100,RLSSDstar,20210126174525_557,8,16116795255576798,"(10, 20)"
100,RLSSDstar,20210126174525_559,3,16116795255590730,"(10, 20)"
100,RLSSDstar,20210126174644_78,20,16116796047800540,"(10, 20)"
100,RLSSDstar,20210126174644_781,4,16116796047812260,"(10, 20)"
100,RLSSDstar,20210126174644_938,14,16116796049387060,"(10, 20)"
100,RLSSDstar,20210126174820_869,15,16116797008690040,"(10, 20)"
100,RLSSDstar,20210126175004_903,10,16116798049035860,"(10, 20)"
100,RLSSDstar,20210126175004_905,15,16116798049054510,"(10, 20)"
100,RLSSDstar,20210126180831_393,17,16116809113934842,"(10, 20)"
100,RLSSDstar,20210126180831_4,1,16116809114008000,"(10, 20)"
100,RLSSDstar,20210126180831_404,35,16116809114038620,"(10, 20)"
100,RLSSDstar,20210126180831_405,19,16116809114052228,"(10, 20)"
100,RLSSDstar,20210126180831_411,12,16116809114109440,"(10, 20)"
400,RLSSDstar,20210126180856_162,57,16116809361616740,"(20, 40)"
400,RLSSDstar,20210126180856_166,24,16116809361665930,"(20, 40)"
400,RLSSDstar,20210126180856_19,37,16116809361895500,"(20, 40)"
400,RLSSDstar,20210126180856_207,22,16116809362065540,"(20, 40)"
400,RLSSDstar,20210126180856_214,59,16116809362130680,"(20, 40)"
400,RLSSDstar,20210126180918_64,79,16116809586388080,"(20, 60)"
400,RLSSDstar,20210126180918_647,97,16116809586446208,"(20, 60)"
400,RLSSDstar,20210126180929_331,1359,16116809693035150,"(20, 60)"
400,RLSSDstar,20210126180929_417,143,16116809694137780,"(20, 60)"
400,RLSSDstar,20210126180929_418,34,16116809694180592,"(20, 60)"
900,RLSSDstar,20210126181133_351,57,16116810933500840,"(30, 60)"
400,RLSSDstar,20210126181133_359,33,16116810933593050,"(20, 40)"
1225,RLSSDstar,20210126181218_209,75,16116811382070360,"(35, 70)"
1600,RLSSDstar,20210126181218_236,105,16116811382335290,"(40, 80)"
900,RLSSDstar,20210126181218_296,73,16116811382944970,"(30, 60)"
400,RLSSDstar,20210126181218_297,20,16116811382971680,"(20, 40)"
625,RLSSDstar,20210126181218_299,42,16116811382986528,"(25, 50)"
900,RLSSDstar,20210126183051_1,346,16116822510529230,"(30, 120)"
1600,RLSSDstar,20210126183106_919,6414,16116822666131712,"(40, 160)"
1600,RLSSDstar,20210126183214_418,117,16116823344156858,"(40, 120)"
900,RLSSDstar,20210126183214_43,129,16116823344276618,"(30, 90)"
1600,RLSSDstar,20210126183214_469,443,16116823344519270,"(40, 120)"
1225,RLSSDstar,20210126183214_474,104,16116823344706840,"(35, 105)"
1225,RLSSDstar,20210126183214_483,190,16116823344757510,"(35, 105)"
400,RLSSDstar,20210126183214_486,72,16116823344842520,"(20, 60)"
625,RLSSDstar,20210126183214_866,19883,16116823345236052,"(25, 75)"
625,RLSSDstar,20210126183214_869,109,16116823348678182,"(25, 75)"
900,RLSSDstar,20210126183214_871,36,16116823348705500,"(30, 90)"
1600,RLSSDstar,20210126183214_887,65,16116823348849710,"(40, 120)"
625,RLSSDstar,20210126183214_92,88,16116823349176510,"(25, 75)"
1225,RLSSDstar,20210126183214_927,161,16116823349212460,"(35, 105)"
1225,RLSSDstar,20210126183214_932,132,16116823349292290,"(35, 105)"
400,RLSSDstar,20210126183215_015,80,16116823350147570,"(20, 60)"
400,RLSSDstar,20210126183215_021,28,16116823350207810,"(20, 60)"
900,RLSSDstar,20210126183215_026,109,16116823350229148,"(30, 90)"
1225,RLSSDstar,20210126183215_056,80,16116823350527142,"(35, 105)"
1600,RLSSDstar,20210126183215_06,78,16116823350572760,"(40, 120)"
400,RLSSDstar,20210126183215_065,16,16116823350653592,"(20, 60)"
625,RLSSDstar,20210126183215_083,29,16116823350832068,"(25, 75)"
900,RLSSDstar,20210126183215_155,3341,16116823350846332,"(30, 90)"
900,RLSSDstar,20210126183215_157,46,16116823351563510,"(30, 90)"
1600,RLSSDstar,20210126183215_163,140,16116823351579608,"(40, 120)"
625,RLSSDstar,20210126183215_194,156,16116823351908988,"(25, 75)"
400,RLSSDstar,20210126183215_195,18,16116823351954830,"(20, 60)"
625,RLSSDstar,20210126183225_286,94,16116823452838700,"(25, 75)"
625,RLSSDstar,20210126183225_29,86,16116823452878060,"(25, 75)"
1600,RLSSDstar,20210126183225_309,137,16116823453040460,"(40, 120)"
400,RLSSDstar,20210126183225_311,34,16116823453106050,"(20, 60)"
1225,RLSSDstar,20210126183225_33,286,16116823453238090,"(35, 105)"
1225,RLSSDstar,20210126183227_386,534,16116823473703580,"(35, 105)"
900,RLSSDstar,20210126183228_314,46961,16116823473873040,"(30, 90)"
900,RLSSDstar,20210126183228_327,509,16116823483155170,"(30, 90)"
400,RLSSDstar,20210126183228_339,72,16116823483381482,"(20, 60)"
1600,RLSSDstar,20210126183228_655,199,16116823486498970,"(40, 120)"
1600,RLSSDstar,20210126183228_803,6254,16116823486566020,"(40, 120)"
400,RLSSDstar,20210126183228_835,50,16116823488346940,"(20, 60)"
900,RLSSDstar,20210126183228_842,172,16116823488364648,"(30, 90)"
1600,RLSSDstar,20210126183240_622,68,16116823606198330,"(40, 120)"
3600,RLSSDstar,20210126183240_651,134,16116823606440480,"(60, 180)"
625,RLSSDstar,20210126183240_659,30,16116823606579910,"(25, 75)"
1225,RLSSDstar,20210126183240_74,182,16116823607358900,"(35, 105)"
900,RLSSDstar,20210126183240_923,3861,16116823608205300,"(30, 90)"
625,RLSSDstar,20210126183240_927,144,16116823609245810,"(25, 75)"
1600,RLSSDstar,20210126183240_993,222,16116823609859910,"(40, 120)"
900,RLSSDstar,20210126183240_995,53,16116823609938770,"(30, 90)"
1600,RLSSDstar,20210126183241_003,223,16116823609960900,"(40, 120)"
3600,RLSSDstar,20210126183241_022,228,16116823610112578,"(60, 180)"
1600,RLSSDstar,20210126183241_025,82,16116823610232970,"(40, 120)"
3600,RLSSDstar,20210126183241_045,283,16116823610299940,"(60, 180)"
400,RLSSDstar,20210126183241_097,114,16116823610956020,"(20, 60)"
1225,RLSSDstar,20210126183241_105,154,16116823610989670,"(35, 105)"
1225,RLSSDstar,20210126183241_122,187,16116823611143652,"(35, 105)"
900,RLSSDstar,20210126183241_187,197,16116823611797330,"(30, 90)"
625,RLSSDstar,20210126183241_2,120,16116823611969490,"(25, 75)"
1225,RLSSDstar,20210126183241_216,264,16116823612045950,"(35, 105)"
900,RLSSDstar,20210126183241_264,56,16116823612626780,"(30, 90)"
400,RLSSDstar,20210126183241_294,69,16116823612929840,"(20, 60)"
400,RLSSDstar,20210126183241_296,79,16116823612957060,"(20, 60)"
1225,RLSSDstar,20210126183241_316,158,16116823613121470,"(35, 105)"
400,RLSSDstar,20210126183241_372,50,16116823613708090,"(20, 60)"
3600,RLSSDstar,20210126183241_394,323,16116823613749508,"(60, 180)"
1225,RLSSDstar,20210126183241_402,168,16116823613960090,"(35, 105)"
625,RLSSDstar,20210126183241_437,185,16116823614311830,"(25, 75)"
625,RLSSDstar,20210126183241_439,72,16116823614383070,"(25, 75)"
1600,RLSSDstar,20210126183241_442,68,16116823614405660,"(40, 120)"
900,RLSSDstar,20210126183241_549,3213,16116823614809740,"(30, 90)"
625,RLSSDstar,20210126183241_551,52,16116823615500830,"(25, 75)"
900,RLSSDstar,20210126183241_577,501,16116823615610970,"(30, 90)"
400,RLSSDstar,20210126183241_592,98,16116823615895090,"(20, 60)"
900,RLSSDstar,20210126183241_598,109,16116823615949740,"(30, 90)"
625,RLSSDstar,20210126183241_603,86,16116823616008890,"(25, 75)"
1600,RLSSDstar,20210126183241_608,48,16116823616047490,"(40, 120)"
1600,RLSSDstar,20210126183241_658,270,16116823616493350,"(40, 120)"
400,RLSSDstar,20210126183241_666,21,16116823616662810,"(20, 60)"
3600,RLSSDstar,20210126183241_682,225,16116823616676012,"(60, 180)"
625,RLSSDstar,20210126183241_764,72,16116823617620968,"(25, 75)"
400,RLSSDstar,20210126183241_914,8341,16116823617651588,"(20, 60)"
3600,RLSSDstar,20210126183241_926,235,16116823619154580,"(60, 180)"
900,RLSSDstar,20210126183242_039,3247,16116823619670120,"(30, 90)"
400,RLSSDstar,20210126183242_093,1710,16116823620600490,"(20, 60)"
1225,RLSSDstar,20210126183242_12,41,16116823621182050,"(35, 105)"
3600,RLSSDstar,20210126183242_15,216,16116823621357050,"(60, 180)"
1225,RLSSDstar,20210126183242_177,364,16116823621676290,"(35, 105)"
625,RLSSDstar,20210126183242_195,89,16116823621934518,"(25, 75)"
1225,RLSSDstar,20210126183242_226,99,16116823622236030,"(35, 105)"
3600,RLSSDstar,20210126183242_244,303,16116823622274712,"(60, 180)"
1600,RLSSDstar,20210126183242_31,219,16116823623045490,"(40, 120)"
1600,RLSSDstar,20210126183242_358,138,16116823623525660,"(40, 120)"
3600,RLSSDstar,20210126183242_367,141,16116823623593690,"(60, 180)"
1600,RLSSDstar,20210126183242_385,214,16116823623763280,"(40, 120)"
400,RLSSDstar,20210126183242_444,122,16116823624410670,"(20, 60)"
3600,RLSSDstar,20210126183254_441,310719,16116823624520590,"(60, 180)"
400,RLSSDstar,20210126183254_444,96,16116823744428010,"(20, 60)"
900,RLSSDstar,20210126183254_466,389,16116823744588562,"(30, 90)"
900,RLSSDstar,20210126183254_678,93,16116823746753580,"(30, 90)"
1225,RLSSDstar,20210126183254_713,193,16116823747091370,"(35, 105)"
625,RLSSDstar,20210126183254_716,94,16116823747144858,"(25, 75)"
40000,RLSSDstar,20210126183309_834,2752,16116823895415650,"(200, 600)"
40000,RLSSDstar,20210126183310_171,2471,16116823898714370,"(200, 600)"
10000,RLSSDstar,20210126183310_974,673,16116823909335142,"(100, 300)"
40000,RLSSDstar,20210126183311_206,1241,16116823910710000,"(200, 600)"
40000,RLSSDstar,20210126183312_483,4129,16116823919276240,"(200, 600)"
10000,RLSSDstar,20210126183313_248,1281,16116823931576450,"(100, 300)"
10000,RLSSDstar,20210126183313_631,462,16116823935920160,"(100, 300)"
10000,RLSSDstar,20210126183314_221,261,16116823942049990,"(100, 300)"
10000,RLSSDstar,20210126183314_283,753,16116823942228260,"(100, 300)"
40000,RLSSDstar,20210126183315_077,2685,16116823947287620,"(200, 600)"
10000,RLSSDstar,20210126183315_821,499,16116823957869430,"(100, 300)"
10000,RLSSDstar,20210126183315_871,826,16116823958225132,"(100, 300)"
40000,RLSSDstar,20210126183316_197,2911,16116823958727260,"(200, 600)"
40000,RLSSDstar,20210126183451_312,1284,16116824911992760,"(200, 400)"
10000,RLSSDstar,20210126183451_343,486,16116824913141090,"(100, 200)"
40000,RLSSDstar,20210126183452_203,661,16116824921452610,"(200, 400)"
10000,RLSSDstar,20210126183452_301,1035,16116824922288560,"(100, 200)"
40000,RLSSDstar,20210126183452_614,1124,16116824925270030,"(200, 400)"
40000,RLSSDstar,20210126183452_684,800,16116824926157570,"(200, 400)"
40000,RLSSDstar,20210126183453_115,514,16116824930683500,"(200, 400)"
10000,RLSSDstar,20210126183453_276,266,16116824932646740,"(100, 200)"
10000,RLSSDstar,20210126183453_301,447,16116824932777290,"(100, 200)"
40000,RLSSDstar,20210126183453_533,1136,16116824934407780,"(200, 400)"
10000,RLSSDstar,20210126183453_772,577,16116824937166080,"(100, 200)"
10000,RLSSDstar,20210126183453_862,379,16116824938444560,"(100, 200)"
10000,RLSSDstar,20210126183453_962,357,16116824939467450,"(100, 200)"
10000,RLSSDstar,20210126183453_982,302,16116824939636580,"(100, 200)"
40000,RLSSDstar,20210126183454_045,528,16116824940029250,"(200, 400)"
10000,RLSSDstar,20210126183454_107,986,16116824940637190,"(100, 200)"
40000,RLSSDstar,20210126183454_214,1192,16116824941180350,"(200, 400)"
10000,RLSSDstar,20210126183454_248,477,16116824942276960,"(100, 200)"
40000,RLSSDstar,20210126183454_416,606,16116824943636392,"(200, 400)"
40000,RLSSDstar,20210126183454_476,404,16116824944426740,"(200, 400)"
2500,RLSSDstar,20210126183929_292,184250,16116827577609438,"(50, 250)"
3600,RLSSDstar,20210126183938_048,670,16116827780073340,"(60, 300)"
2500,RLSSDstar,20210126183938_078,579,16116827780507300,"(50, 250)"
2500,RLSSDstar,20210126184100_313,422,16116828602791482,"(50, 250)"
2500,RLSSDstar,20210126184401_309,769,16116830412647110,"(50, 200)"
2500,RLSSDstar,20210126184401_936,10574,16116830413119990,"(50, 200)"
3600,RLSSDstar,20210126184401_972,557,16116830419378710,"(60, 240)"
2500,RLSSDstar,20210126185256_45,1728,16116835763065950,"(50, 200)"
3600,RLSSDstar,20210126185256_524,463,16116835764888042,"(60, 240)"
2500,RLSSDstar,20210126185256_64,1313,16116835765653080,"(50, 200)"
3600,RLSSDstar,20210126185256_673,510,16116835766409710,"(60, 240)"
1600,RLSSDstar,20210126185413_725,159,16116836537204052,"(40, 160)"
900,RLSSDstar,20210126185413_736,300,16116836537268970,"(30, 120)"
1600,RLSSDstar,20210126185413_768,644,16116836537375450,"(40, 160)"
1600,RLSSDstar,20210126185414_079,6872,16116836538086970,"(40, 160)"
900,RLSSDstar,20210126185546_363,237,16116837463380060,"(30, 120)"
1600,RLSSDstar,20210126185546_381,329,16116837463665140,"(40, 160)"
900,RLSSDstar,20210126185546_384,25,16116837463835520,"(30, 120)"
900,RLSSDstar,20210126185546_486,90,16116837464831000,"(30, 120)"
900,RLSSDstar,20210126185548_477,61101,16116837464877060,"(30, 120)"
1600,RLSSDstar,20210126185548_484,120,16116837484788880,"(40, 160)"
1600,RLSSDstar,20210126185548_491,153,16116837484852500,"(40, 160)"
1600,RLSSDstar,20210126185612_781,233,16116837727740660,"(40, 120)"
1600,RLSSDstar,20210126185612_789,164,16116837727822152,"(40, 120)"
1600,RLSSDstar,20210126185612_797,193,16116837727906720,"(40, 120)"
900,RLSSDstar,20210126185612_8,76,16116837727987800,"(30, 90)"
900,RLSSDstar,20210126185612_801,12,16116837728013660,"(30, 90)"
1600,RLSSDstar,20210126185612_818,262,16116837728072390,"(40, 120)"
900,RLSSDstar,20210126185612_824,175,16116837728196750,"(30, 90)"
1600,RLSSDstar,20210126185613_05,114,16116837730454410,"(40, 120)"
900,RLSSDstar,20210126185613_09,564,16116837730712882,"(30, 90)"
900,RLSSDstar,20210126185613_101,84,16116837730982030,"(30, 90)"
900,RLSSDstar,20210126185618_619,146,16116837786145950,"(30, 90)"
1600,RLSSDstar,20210126185618_654,205,16116837786451930,"(40, 120)"
900,RLSSDstar,20210126185618_733,1367,16116837786551010,"(30, 90)"
900,RLSSDstar,20210126185800_181,120,16116838801644462,"(30, 90)"
900,RLSSDstar,20210126185800_184,94,16116838801818718,"(30, 90)"
900,RLSSDstar,20210126185800_264,297,16116838802580522,"(30, 90)"
1600,RLSSDstar,20210126185800_266,67,16116838802651690,"(40, 120)"
900,RLSSDstar,20210126185806_442,123,16116838864400270,"(30, 90)"
1600,RLSSDstar,20210126185806_452,286,16116838864449620,"(40, 120)"
1600,RLSSDstar,20210126185806_462,323,16116838864530240,"(40, 120)"
1600,RLSSDstar,20210126185808_904,68,16116838889024380,"(40, 120)"
900,RLSSDstar,20210126185808_909,175,16116838889054552,"(30, 90)"
1600,RLSSDstar,20210126185808_914,140,16116838889106230,"(40, 120)"
1600,RLSSDstar,20210126185808_926,237,16116838889150800,"(40, 120)"
900,RLSSDstar,20210126185808_936,48,16116838889346370,"(30, 90)"
900,RLSSDstar,20210126185808_949,37,16116838889484020,"(30, 90)"
1600,RLSSDstar,20210126185808_964,148,16116838889609352,"(40, 120)"
900,RLSSDstar,20210126185809_081,3325,16116838889998760,"(30, 90)"
900,RLSSDstar,20210126185809_084,22,16116838890835430,"(30, 90)"
1600,RLSSDstar,20210126185809_091,168,16116838890863810,"(40, 120)"
900,RLSSDstar,20210126185809_11,81,16116838891084610,"(30, 90)"
1600,RLSSDstar,20210126185809_117,226,16116838891111040,"(40, 120)"
1600,RLSSDstar,20210126185809_127,151,16116838891222600,"(40, 120)"
900,RLSSDstar,20210126185826_285,229,16116839062775920,"(30, 90)"
900,RLSSDstar,20210126185826_305,58,16116839063035190,"(30, 90)"
1600,RLSSDstar,20210126185826_313,252,16116839063070090,"(40, 120)"
1600,RLSSDstar,20210126185826_317,118,16116839063141242,"(40, 120)"
900,RLSSDstar,20210126185826_921,63,16116839069201390,"(30, 90)"
1600,RLSSDstar,20210126185827_15,6609,16116839069229080,"(40, 120)"
900,RLSSDstar,20210126185827_152,22,16116839071515110,"(30, 90)"
1600,RLSSDstar,20210126185827_222,209,16116839072143970,"(40, 120)"
1600,RLSSDstar,20210126185827_267,1223,16116839072315980,"(40, 120)"
1600,RLSSDstar,20210126185830_23,101751,16116839073004140,"(40, 120)"
1600,RLSSDstar,20210126185830_246,212,16116839102413818,"(40, 120)"
900,RLSSDstar,20210126185830_261,46,16116839102602590,"(30, 90)"
900,RLSSDstar,20210126185830_269,33,16116839102686370,"(30, 90)"
900,RLSSDstar,20210126185830_32,262,16116839102812992,"(30, 90)"
1600,RLSSDstar,20210126185830_33,346,16116839103212472,"(40, 120)"
900,RLSSDstar,20210126185830_372,156,16116839103672510,"(30, 90)"
1600,RLSSDstar,20210126185830_382,299,16116839103739560,"(40, 120)"
1600,RLSSDstar,20210126185830_406,453,16116839103918390,"(40, 120)"
1600,RLSSDstar,20210126185830_411,129,16116839104074200,"(40, 120)"
900,RLSSDstar,20210126185830_414,107,16116839104118180,"(30, 90)"
1600,RLSSDstar,20210126185830_424,285,16116839104147912,"(40, 120)"
1600,RLSSDstar,20210126185830_441,312,16116839104297820,"(40, 120)"
900,RLSSDstar,20210126185830_45,99,16116839104483390,"(30, 90)"
1600,RLSSDstar,20210126185830_456,127,16116839104512538,"(40, 120)"
900,RLSSDstar,20210126185830_462,36,16116839104613978,"(30, 90)"
900,RLSSDstar,20210126185830_489,262,16116839104815390,"(30, 90)"
900,RLSSDstar,20210126185830_499,86,16116839104977530,"(30, 90)"
900,RLSSDstar,20210126185830_511,125,16116839105087730,"(30, 90)"
900,RLSSDstar,20210126185830_519,349,16116839105119650,"(30, 90)"
1600,RLSSDstar,20210126185830_54,517,16116839105240760,"(40, 120)"
1600,RLSSDstar,20210126185830_543,74,16116839105412322,"(40, 120)"
900,RLSSDstar,20210126185830_599,173,16116839105954430,"(30, 90)"
1600,RLSSDstar,20210126185830_608,245,16116839105998860,"(40, 120)"
900,RLSSDstar,20210126185830_636,62,16116839106339500,"(30, 90)"
1600,RLSSDstar,20210126185830_813,6208,16116839106475990,"(40, 120)"
900,RLSSDstar,20210126185830_821,102,16116839108177800,"(30, 90)"
1600,RLSSDstar,20210126185830_869,49,16116839108676940,"(40, 120)"
900,RLSSDstar,20210126185830_884,275,16116839108761060,"(30, 90)"
900,RLSSDstar,20210126185830_928,142,16116839109244658,"(30, 90)"
1600,RLSSDstar,20210126185830_935,175,16116839109297970,"(40, 120)"
900,RLSSDstar,20210126185909_916,3468,16116839498218420,"(30, 120)"
1600,RLSSDstar,20210126185909_935,394,16116839499177380,"(40, 160)"
1600,RLSSDstar,20210126185943_277,137,16116839832736722,"(40, 120)"
1600,RLSSDstar,20210126185943_302,121,16116839832978230,"(40, 120)"
900,RLSSDstar,20210126185943_408,212,16116839834019750,"(30, 90)"
1600,RLSSDstar,20210126185943_422,88,16116839834183230,"(40, 120)"
900,RLSSDstar,20210126185943_439,130,16116839834341782,"(30, 90)"
900,RLSSDstar,20210126185943_449,334,16116839834402490,"(30, 90)"
1600,RLSSDstar,20210126185943_635,6392,16116839834562340,"(40, 120)"
1600,RLSSDstar,20210126185943_665,189,16116839836593070,"(40, 120)"
1600,RLSSDstar,20210126185943_673,237,16116839836675020,"(40, 120)"
900,RLSSDstar,20210126185943_676,100,16116839836742890,"(30, 90)"
900,RLSSDstar,20210126185943_867,222,16116839838623100,"(30, 90)"
1600,RLSSDstar,20210126185943_878,415,16116839838685870,"(40, 120)"
1600,RLSSDstar,20210126185943_911,82,16116839839088040,"(40, 120)"
1600,RLSSDstar,20210126185943_917,129,16116839839127700,"(40, 120)"
900,RLSSDstar,20210126185943_921,55,16116839839190870,"(30, 90)"
900,RLSSDstar,20210126185943_925,137,16116839839223508,"(30, 90)"
1600,RLSSDstar,20210126185944_1,6879,16116839839259100,"(40, 120)"
1600,RLSSDstar,20210126185944_106,149,16116839841010662,"(40, 120)"
1600,RLSSDstar,20210126190122_399,93,16116840823944860,"(40, 120)"
900,RLSSDstar,20210126190122_413,220,16116840824086210,"(30, 90)"
900,RLSSDstar,20210126190122_416,151,16116840824140880,"(30, 90)"
900,RLSSDstar,20210126190122_42,172,16116840824175140,"(30, 90)"
900,RLSSDstar,20210126190122_424,167,16116840824213272,"(30, 90)"
900,RLSSDstar,20210126190122_429,131,16116840824250330,"(30, 90)"
900,RLSSDstar,20210126190122_438,212,16116840824305460,"(30, 90)"
1600,RLSSDstar,20210126190122_446,137,16116840824422400,"(40, 120)"
900,RLSSDstar,20210126190122_453,188,16116840824477702,"(30, 90)"
1600,RLSSDstar,20210126190122_457,132,16116840824542200,"(40, 120)"
1600,RLSSDstar,20210126190122_721,208,16116840827150732,"(40, 120)"
900,RLSSDstar,20210126190122_724,106,16116840827219660,"(30, 90)"
900,RLSSDstar,20210126190122_729,110,16116840827251610,"(30, 90)"
900,RLSSDstar,20210126190122_765,96,16116840827627180,"(30, 90)"
1600,RLSSDstar,20210126190122_976,6370,16116840827843298,"(40, 120)"
1600,RLSSDstar,20210126190122_99,463,16116840829776850,"(40, 120)"
1600,RLSSDstar,20210126190123_006,420,16116840829908350,"(40, 120)"
1600,RLSSDstar,20210126190123_071,382,16116840830602200,"(40, 120)"
900,RLSSDstar,20210126190123_084,91,16116840830826500,"(30, 90)"
900,RLSSDstar,20210126190123_09,99,16116840830880990,"(30, 90)"
1600,RLSSDstar,20210126190123_099,198,16116840830908870,"(40, 120)"
900,RLSSDstar,20210126190123_107,66,16116840831048200,"(30, 90)"
900,RLSSDstar,20210126190123_112,106,16116840831083270,"(30, 90)"
900,RLSSDstar,20210126190123_166,150,16116840831608290,"(30, 90)"
900,RLSSDstar,20210126190123_214,70,16116840832111910,"(30, 90)"
1600,RLSSDstar,20210126190123_22,141,16116840832160230,"(40, 120)"
900,RLSSDstar,20210126190123_226,192,16116840832218120,"(30, 90)"
1600,RLSSDstar,20210126190123_277,263,16116840832668820,"(40, 120)"
1600,RLSSDstar,20210126190123_284,139,16116840832787440,"(40, 120)"
1600,RLSSDstar,20210126190123_296,317,16116840832861300,"(40, 120)"
900,RLSSDstar,20210126190123_299,56,16116840832979830,"(30, 90)"
1600,RLSSDstar,20210126190123_53,6429,16116840833089990,"(40, 120)"
1600,RLSSDstar,20210126190123_535,137,16116840835318170,"(40, 120)"
1600,RLSSDstar,20210126190123_539,104,16116840835365118,"(40, 120)"
900,RLSSDstar,20210126190123_547,106,16116840835436110,"(30, 90)"
900,RLSSDstar,20210126190123_583,88,16116840835791390,"(30, 90)"
1600,RLSSDstar,20210126190123_593,171,16116840835872380,"(40, 120)"
900,RLSSDstar,20210126190123_602,63,16116840836012630,"(30, 90)"
1600,RLSSDstar,20210126190123_614,131,16116840836081650,"(40, 120)"
1600,RLSSDstar,20210126190123_626,76,16116840836241118,"(40, 120)"
900,RLSSDstar,20210126190123_632,52,16116840836299920,"(30, 90)"
900,RLSSDstar,20210126190123_636,109,16116840836335650,"(30, 90)"
1600,RLSSDstar,20210126190123_654,460,16116840836372250,"(40, 120)"
1600,RLSSDstar,20210126190123_665,298,16116840836558080,"(40, 120)"
1600,RLSSDstar,20210126190123_687,360,16116840836706450,"(40, 120)"
900,RLSSDstar,20210126190123_728,175,16116840837229568,"(30, 90)"
900,RLSSDstar,20210126190123_736,200,16116840837299030,"(30, 90)"
1600,RLSSDstar,20210126190123_76,216,16116840837535638,"(40, 120)"
900,RLSSDstar,20210126190123_767,157,16116840837616840,"(30, 90)"
900,RLSSDstar,20210126190123_789,59,16116840837873620,"(30, 90)"
1600,RLSSDstar,20210126190123_816,317,16116840838040800,"(40, 120)"
900,RLSSDstar,20210126190123_97,4314,16116840838603858,"(30, 90)"
900,RLSSDstar,20210126190123_995,67,16116840839927930,"(30, 90)"
1600,RLSSDstar,20210126190123_998,63,16116840839961650,"(40, 120)"
1600,RLSSDstar,20210126190124_002,101,16116840839999680,"(40, 120)"
900,RLSSDstar,20210126190124_792,34698,16116840840038250,"(30, 90)"
1600,RLSSDstar,20210126190124_804,306,16116840847934900,"(40, 120)"
900,RLSSDstar,20210126190124_807,36,16116840848058450,"(30, 90)"
1600,RLSSDstar,20210126190124_82,260,16116840848081260,"(40, 120)"
900,RLSSDstar,20210126190124_836,163,16116840848319990,"(30, 90)"
900,RLSSDstar,20210126190124_841,221,16116840848379108,"(30, 90)"
1600,RLSSDstar,20210126190124_876,504,16116840848604260,"(40, 120)"
900,RLSSDstar,20210126190124_974,59,16116840849727200,"(30, 90)"
900,RLSSDstar,20210126190124_988,278,16116840849812600,"(30, 90)"
1600,RLSSDstar,20210126190125_006,352,16116840849943860,"(40, 120)"
1600,RLSSDstar,20210126190125_012,134,16116840850071950,"(40, 120)"
900,RLSSDstar,20210126190125_016,35,16116840850147020,"(30, 90)"
1600,RLSSDstar,20210126190125_024,177,16116840850173220,"(40, 120)"
900,RLSSDstar,20210126190125_028,78,16116840850256620,"(30, 90)"
1600,RLSSDstar,20210126190125_037,155,16116840850303810,"(40, 120)"
1600,RLSSDstar,20210126190125_053,392,16116840850381150,"(40, 120)"
1600,RLSSDstar,20210126190125_062,179,16116840850547180,"(40, 120)"
1600,RLSSDstar,20210126190125_078,359,16116840850634560,"(40, 120)"
1600,RLSSDstar,20210126190125_087,201,16116840850791212,"(40, 120)"
900,RLSSDstar,20210126190125_089,53,16116840850883370,"(30, 90)"
900,RLSSDstar,20210126190125_242,200,16116840852363940,"(30, 90)"
900,RLSSDstar,20210126190125_254,133,16116840852505320,"(30, 90)"
900,RLSSDstar,20210126190125_258,73,16116840852555370,"(30, 90)"
1600,RLSSDstar,20210126190125_267,159,16116840852602820,"(40, 120)"
900,RLSSDstar,20210126190125_275,103,16116840852720430,"(30, 90)"
1600,RLSSDstar,20210126190125_284,162,16116840852765910,"(40, 120)"
1600,RLSSDstar,20210126190125_296,223,16116840852883810,"(40, 120)"
1600,RLSSDstar,20210126190148_014,838482,16116840853325800,"(40, 120)"
1600,RLSSDstar,20210126190148_035,90,16116841080320270,"(40, 120)"
900,RLSSDstar,20210126190148_048,121,16116841080444240,"(30, 90)"
900,RLSSDstar,20210126190148_064,166,16116841080595080,"(30, 90)"
900,RLSSDstar,20210126190148_07,141,16116841080651140,"(30, 90)"
900,RLSSDstar,20210126190148_076,111,16116841080718278,"(30, 90)"
1600,RLSSDstar,20210126190148_084,168,16116841080771690,"(40, 120)"
900,RLSSDstar,20210126190148_092,278,16116841080861822,"(30, 90)"
1600,RLSSDstar,20210126190148_257,6281,16116841080931690,"(40, 120)"
1600,RLSSDstar,20210126190148_262,106,16116841082584800,"(40, 120)"
900,RLSSDstar,20210126190148_264,49,16116841082636960,"(30, 90)"
900,RLSSDstar,20210126190148_27,124,16116841082675210,"(30, 90)"
1600,RLSSDstar,20210126190148_307,394,16116841082976652,"(40, 120)"
1600,RLSSDstar,20210126190148_321,306,16116841083137670,"(40, 120)"
1600,RLSSDstar,20210126190148_337,539,16116841083217900,"(40, 120)"
1600,RLSSDstar,20210126190148_352,230,16116841083470950,"(40, 120)"
1600,RLSSDstar,20210126190148_356,122,16116841083534830,"(40, 120)"
900,RLSSDstar,20210126190148_361,58,16116841083596200,"(30, 90)"
100,RLSSDstar,20210126190636_773,14,16116843967731060,"(10, 50)"
100,RLSSDstar,20210126190636_777,24,16116843967773970,"(10, 50)"
400,RLSSDstar,20210126190636_779,49,16116843967784760,"(20, 100)"
400,RLSSDstar,20210126190636_78,32,16116843967802730,"(20, 100)"
100,RLSSDstar,20210126190636_803,1352,16116843967816638,"(10, 50)"
100,RLSSDstar,20210126190636_805,63,16116843968048230,"(10, 50)"
400,RLSSDstar,20210126190636_809,64,16116843968073830,"(20, 100)"
400,RLSSDstar,20210126190636_812,41,16116843968108220,"(20, 100)"
400,RLSSDstar,20210126190636_815,94,16116843968130888,"(20, 100)"
100,RLSSDstar,20210126190636_847,1301,16116843968231090,"(10, 50)"
100,RLSSDstar,20210126190646_811,45,16116844068106530,"(10, 50)"
400,RLSSDstar,20210126190648_646,70309,16116844068128090,"(20, 100)"
100,RLSSDstar,20210126190648_659,4,16116844086597190,"(10, 50)"
100,RLSSDstar,20210126190648_662,35,16116844086616740,"(10, 50)"
100,RLSSDstar,20210126190648_669,304,16116844086632680,"(10, 50)"
100,RLSSDstar,20210126190648_679,9,16116844086790950,"(10, 50)"
400,RLSSDstar,20210126190648_698,108,16116844086944758,"(20, 100)"
400,RLSSDstar,20210126190648_711,113,16116844087089650,"(20, 100)"
400,RLSSDstar,20210126190648_756,1402,16116844087123880,"(20, 100)"
400,RLSSDstar,20210126190648_759,68,16116844087579430,"(20, 100)"
400,RLSSDstar,20210126190700_629,43,16116844206287292,"(20, 100)"
400,RLSSDstar,20210126190700_634,40,16116844206334970,"(20, 100)"
100,RLSSDstar,20210126190700_648,279,16116844206423010,"(10, 50)"
100,RLSSDstar,20210126190700_655,22,16116844206555390,"(10, 50)"
400,RLSSDstar,20210126190702_139,60432,16116844206566020,"(20, 100)"
100,RLSSDstar,20210126190702_252,21,16116844222517360,"(10, 50)"
400,RLSSDstar,20210126190702_259,34,16116844222580650,"(20, 100)"
100,RLSSDstar,20210126190702_263,36,16116844222628010,"(10, 50)"
100,RLSSDstar,20210126190702_266,88,16116844222643660,"(10, 50)"
400,RLSSDstar,20210126190702_27,80,16116844222677370,"(20, 100)"
400,RLSSDstar,20210126190717_699,628976,16116844222709150,"(20, 100)"
400,RLSSDstar,20210126190717_74,1673,16116844377005400,"(20, 100)"
400,RLSSDstar,20210126190717_749,58,16116844377473100,"(20, 100)"
400,RLSSDstar,20210126190717_755,88,16116844377536840,"(20, 100)"
100,RLSSDstar,20210126190717_87,6184,16116844377564690,"(10, 50)"
100,RLSSDstar,20210126190717_885,13,16116844378851540,"(10, 50)"
100,RLSSDstar,20210126190738_907,6210,16116844587911370,"(10, 50)"
400,RLSSDstar,20210126190738_909,57,16116844589084662,"(20, 100)"
100,RLSSDstar,20210126190738_913,36,16116844589128570,"(10, 50)"
100,RLSSDstar,20210126190738_92,103,16116844589176960,"(10, 50)"
100,RLSSDstar,20210126190815_45,15,16116844954500580,"(10, 50)"
100,RLSSDstar,20210126191118_368,9,16116846783680520,"(10, 50)"
100,RLSSDstar,20210126191118_37,33,16116846783694850,"(10, 50)"
100,RLSSDstar,20210126191118_377,54,16116846783756960,"(10, 50)"
100,RLSSDstar,20210126191118_444,3087,16116846783836610,"(10, 50)"
100,RLSSDstar,20210126191118_472,21,16116846784713932,"(10, 50)"
100,RLSSDstar,20210126191118_479,16,16116846784793740,"(10, 50)"
100,RLSSDstar,20210126191118_489,300,16116846784846110,"(10, 50)"
100,RLSSDstar,20210126191118_54,13,16116846785399470,"(10, 50)"
100,RLSSDstar,20210126191118_543,3,16116846785435110,"(10, 50)"
100,RLSSDstar,20210126191118_552,312,16116846785460210,"(10, 50)"
100,RLSSDstar,20210126191118_627,1129,16116846786035950,"(10, 50)"
100,RLSSDstar,20210126191118_631,19,16116846786307190,"(10, 50)"
100,RLSSDstar,20210126191118_633,10,16116846786327022,"(10, 50)"
100,RLSSDstar,20210126191118_635,2,16116846786354620,"(10, 50)"
100,RLSSDstar,20210126191118_642,289,16116846786363922,"(10, 50)"
100,RLSSDstar,20210126191118_645,65,16116846786437850,"(10, 50)"
100,RLSSDstar,20210126191118_65,22,16116846786489870,"(10, 50)"
100,RLSSDstar,20210126191118_652,29,16116846786515340,"(10, 50)"
100,RLSSDstar,20210126191118_654,13,16116846786542038,"(10, 50)"
100,RLSSDstar,20210126191118_656,17,16116846786557680,"(10, 50)"
100,RLSSDstar,20210126191118_672,34,16116846786721808,"(10, 50)"
100,RLSSDstar,20210126191118_771,3237,16116846786748920,"(10, 50)"
100,RLSSDstar,20210126191118_788,52,16116846787871080,"(10, 50)"
100,RLSSDstar,20210126191118_79,32,16116846787894110,"(10, 50)"
100,RLSSDstar,20210126191119_161,21,16116846791606980,"(10, 50)"
100,RLSSDstar,20210126191119_194,113,16116846791916700,"(10, 50)"
100,RLSSDstar,20210126191119_196,23,16116846791959888,"(10, 50)"
100,RLSSDstar,20210126191119_198,11,16116846791980432,"(10, 50)"
100,RLSSDstar,20210126191119_328,35,16116846793282350,"(10, 50)"
100,RLSSDstar,20210126191119_33,14,16116846793301858,"(10, 50)"
100,RLSSDstar,20210126191119_337,295,16116846793317790,"(10, 50)"
100,RLSSDstar,20210126191442_107,11,16116848821068790,"(10, 50)"
100,RLSSDstar,20210126191442_109,20,16116848821087670,"(10, 50)"
100,RLSSDstar,20210126191442_111,37,16116848821104478,"(10, 50)"
100,RLSSDstar,20210126191442_131,16,16116848821305270,"(10, 50)"
100,RLSSDstar,20210126191442_135,163,16116848821330870,"(10, 50)"
100,RLSSDstar,20210126191442_139,77,16116848821369370,"(10, 50)"
100,RLSSDstar,20210126191442_141,7,16116848821414700,"(10, 50)"
100,RLSSDstar,20210126191442_154,401,16116848821436550,"(10, 50)"
100,RLSSDstar,20210126191442_159,36,16116848821585450,"(10, 50)"
100,RLSSDstar,20210126191442_166,9,16116848821663180,"(10, 50)"
100,RLSSDstar,20210126191442_172,25,16116848821715920,"(10, 50)"
100,RLSSDstar,20210126191442_177,24,16116848821763590,"(10, 50)"
100,RLSSDstar,20210126191442_221,12,16116848822211190,"(10, 50)"
100,RLSSDstar,20210126191442_227,18,16116848822269102,"(10, 50)"
100,RLSSDstar,20210126191442_229,8,16116848822296680,"(10, 50)"
100,RLSSDstar,20210126191442_231,9,16116848822311512,"(10, 50)"
100,RLSSDstar,20210126191442_232,6,16116848822326660,"(10, 50)"
100,RLSSDstar,20210126191442_246,354,16116848822357410,"(10, 50)"
100,RLSSDstar,20210126191442_248,19,16116848822475950,"(10, 50)"
100,RLSSDstar,20210126191442_34,127,16116848823387630,"(10, 50)"
100,RLSSDstar,20210126191442_343,17,16116848823429170,"(10, 50)"
100,RLSSDstar,20210126191442_345,4,16116848823449230,"(10, 50)"
100,RLSSDstar,20210126191442_479,5964,16116848823457720,"(10, 50)"
100,RLSSDstar,20210126191442_483,45,16116848824824678,"(10, 50)"
100,RLSSDstar,20210126191442_526,2211,16116848824845170,"(10, 50)"
100,RLSSDstar,20210126191442_546,15,16116848825458050,"(10, 50)"
100,RLSSDstar,20210126191442_547,15,16116848825467600,"(10, 50)"
100,RLSSDstar,20210126191442_549,55,16116848825480880,"(10, 50)"
100,RLSSDstar,20210126191442_554,97,16116848825523332,"(10, 50)"
100,RLSSDstar,20210126191442_572,495,16116848825618852,"(10, 50)"
100,RLSSDstar,20210126191442_573,2,16116848825731120,"(10, 50)"
100,RLSSDstar,20210126191442_582,334,16116848825742600,"(10, 50)"
100,RLSSDstar,20210126191442_586,21,16116848825859160,"(10, 50)"
100,RLSSDstar,20210126191442_865,6,16116848828653280,"(10, 50)"
100,RLSSDstar,20210126191442_876,430,16116848828665970,"(10, 50)"
100,RLSSDstar,20210126191442_968,3243,16116848828917970,"(10, 50)"
100,RLSSDstar,20210126191443_108,6214,16116848829702360,"(10, 50)"
100,RLSSDstar,20210126191443_113,124,16116848831108652,"(10, 50)"
100,RLSSDstar,20210126191443_123,383,16116848831148170,"(10, 50)"
100,RLSSDstar,20210126191443_273,6945,16116848831282630,"(10, 50)"
100,RLSSDstar,20210126191443_275,12,16116848832747540,"(10, 50)"
100,RLSSDstar,20210126191443_283,418,16116848832764410,"(10, 50)"
100,RLSSDstar,20210126191443_289,41,16116848832888000,"(10, 50)"
100,RLSSDstar,20210126191443_291,7,16116848832907390,"(10, 50)"
100,RLSSDstar,20210126191443_293,32,16116848832928040,"(10, 50)"
100,RLSSDstar,20210126191443_314,34,16116848833141652,"(10, 50)"
100,RLSSDstar,20210126191443_321,166,16116848833173020,"(10, 50)"
100,RLSSDstar,20210126191443_535,85,16116848835334800,"(10, 50)"
100,RLSSDstar,20210126191443_557,340,16116848835477468,"(10, 50)"
100,RLSSDstar,20210126191443_562,40,16116848835612410,"(10, 50)"
100,RLSSDstar,20210126191443_568,33,16116848835680780,"(10, 50)"
100,RLSSDstar,20210126191443_581,58,16116848835796900,"(10, 50)"
100,RLSSDstar,20210126191443_718,118,16116848837152600,"(10, 50)"
100,RLSSDstar,20210126191443_831,31,16116848838304070,"(10, 50)"
100,RLSSDstar,20210126191443_836,131,16116848838321568,"(10, 50)"
100,RLSSDstar,20210126191443_838,35,16116848838377882,"(10, 50)"
100,RLSSDstar,20210126191443_877,1375,16116848838473050,"(10, 50)"
100,RLSSDstar,20210126191443_878,13,16116848838784940,"(10, 50)"
100,RLSSDstar,20210126191443_995,39,16116848839950140,"(10, 50)"
100,RLSSDstar,20210126191443_998,23,16116848839986010,"(10, 50)"
100,RLSSDstar,20210126191444_001,69,16116848839996720,"(10, 50)"
100,RLSSDstar,20210126191444_028,1175,16116848840023860,"(10, 50)"
100,RLSSDstar,20210126191444_03,18,16116848840298740,"(10, 50)"
100,RLSSDstar,20210126191444_035,16,16116848840347322,"(10, 50)"
100,RLSSDstar,20210126191444_036,15,16116848840362950,"(10, 50)"
100,RLSSDstar,20210126191444_04,26,16116848840401120,"(10, 50)"
100,RLSSDstar,20210126191444_042,6,16116848840418190,"(10, 50)"
100,RLSSDstar,20210126191444_043,25,16116848840430320,"(10, 50)"
100,RLSSDstar,20210126191444_045,36,16116848840450540,"(10, 50)"
100,RLSSDstar,20210126191444_081,360,16116848840729660,"(10, 50)"
100,RLSSDstar,20210126191444_082,4,16116848840820690,"(10, 50)"
100,RLSSDstar,20210126191444_14,65,16116848841385780,"(10, 50)"
100,RLSSDstar,20210126191444_141,13,16116848841409390,"(10, 50)"
100,RLSSDstar,20210126191444_147,2,16116848841472350,"(10, 50)"
100,RLSSDstar,20210126191444_15,29,16116848841501730,"(10, 50)"
100,RLSSDstar,20210126191444_152,20,16116848841519800,"(10, 50)"
100,RLSSDstar,20210126191444_154,29,16116848841534720,"(10, 50)"
100,RLSSDstar,20210126191444_155,11,16116848841557990,"(10, 50)"
100,RLSSDstar,20210126191444_226,3097,16116848841569960,"(10, 50)"
100,RLSSDstar,20210126191444_228,16,16116848842285470,"(10, 50)"
100,RLSSDstar,20210126191444_241,38,16116848842407280,"(10, 50)"
100,RLSSDstar,20210126191444_247,27,16116848842471650,"(10, 50)"
100,RLSSDstar,20210126191444_25,60,16116848842488142,"(10, 50)"
100,RLSSDstar,20210126191444_388,332,16116848843810930,"(10, 50)"
100,RLSSDstar,20210126191444_39,27,16116848843899940,"(10, 50)"
100,RLSSDstar,20210126191444_468,3461,16116848843933770,"(10, 50)"
100,RLSSDstar,20210126191444_499,1334,16116848844698920,"(10, 50)"
100,RLSSDstar,20210126191444_513,37,16116848845133040,"(10, 50)"
100,RLSSDstar,20210126191444_515,65,16116848845146480,"(10, 50)"
100,RLSSDstar,20210126191444_562,5,16116848845628120,"(10, 50)"
100,RLSSDstar,20210126191444_57,349,16116848845637960,"(10, 50)"
100,RLSSDstar,20210126191444_634,3072,16116848845717170,"(10, 50)"
100,RLSSDstar,20210126191513_521,12,16116849135213360,"(10, 50)"
100,RLSSDstar,20210126191513_522,12,16116849135226140,"(10, 50)"
100,RLSSDstar,20210126191513_65,5959,16116849135237140,"(10, 50)"
100,RLSSDstar,20210126191513_77,12,16116849137699620,"(10, 50)"
100,RLSSDstar,20210126191513_832,3035,16116849137711120,"(10, 50)"
100,RLSSDstar,20210126191513_834,19,16116849138338830,"(10, 50)"
100,RLSSDstar,20210126191513_838,43,16116849138375822,"(10, 50)"
100,RLSSDstar,20210126191513_851,11,16116849138509290,"(10, 50)"
100,RLSSDstar,20210126191513_852,12,16116849138521120,"(10, 50)"
100,RLSSDstar,20210126191513_853,32,16116849138531250,"(10, 50)"
100,RLSSDstar,20210126191513_855,27,16116849138549070,"(10, 50)"
100,RLSSDstar,20210126191513_881,1130,16116849138565180,"(10, 50)"
100,RLSSDstar,20210126191513_907,24,16116849139069008,"(10, 50)"
100,RLSSDstar,20210126191513_913,41,16116849139122540,"(10, 50)"
100,RLSSDstar,20210126191513_915,27,16116849139147150,"(10, 50)"
100,RLSSDstar,20210126191513_916,10,16116849139165918,"(10, 50)"
100,RLSSDstar,20210126191513_918,54,16116849139175300,"(10, 50)"
100,RLSSDstar,20210126191513_92,11,16116849139198780,"(10, 50)"
100,RLSSDstar,20210126191514_031,25,16116849140310410,"(10, 50)"
100,RLSSDstar,20210126191514_094,2850,16116849140356770,"(10, 50)"
100,RLSSDstar,20210126191514_095,21,16116849140951440,"(10, 50)"
100,RLSSDstar,20210126191514_099,134,16116849140964530,"(10, 50)"
100,RLSSDstar,20210126191514_104,3,16116849141042420,"(10, 50)"
100,RLSSDstar,20210126191514_122,56,16116849141206250,"(10, 50)"
100,RLSSDstar,20210126191514_247,5,16116849142469348,"(10, 50)"
100,RLSSDstar,20210126191514_372,5952,16116849142493760,"(10, 50)"
100,RLSSDstar,20210126191514_375,35,16116849143749772,"(10, 50)"
100,RLSSDstar,20210126191514_379,125,16116849143768730,"(10, 50)"
100,RLSSDstar,20210126191514_381,7,16116849143809230,"(10, 50)"
100,RLSSDstar,20210126191514_388,16,16116849143880040,"(10, 50)"
100,RLSSDstar,20210126191722_231,1384,16116850422052520,"(10, 60)"
100,RLSSDstar,20210126191722_235,80,16116850422331950,"(10, 60)"
100,RLSSDstar,20210126191722_319,4337,16116850422361450,"(10, 60)"
100,RLSSDstar,20210126191722_323,50,16116850423225910,"(10, 60)"
100,RLSSDstar,20210126191722_351,76,16116850423492810,"(10, 60)"
100,RLSSDstar,20210126191722_352,50,16116850423519930,"(10, 60)"
100,RLSSDstar,20210126191722_355,21,16116850423551270,"(10, 60)"
100,RLSSDstar,20210126191722_359,66,16116850423581830,"(10, 60)"
100,RLSSDstar,20210126191722_365,70,16116850423638110,"(10, 60)"
100,RLSSDstar,20210126191722_396,1436,16116850423703870,"(10, 60)"
100,RLSSDstar,20210126191722_402,284,16116850423976330,"(10, 60)"
100,RLSSDstar,20210126191722_422,6,16116850424224680,"(10, 60)"
100,RLSSDstar,20210126191722_433,12,16116850424329460,"(10, 60)"
100,RLSSDstar,20210126191722_458,930,16116850424393780,"(10, 60)"
100,RLSSDstar,20210126191722_461,80,16116850424592112,"(10, 60)"
100,RLSSDstar,20210126191722_527,1550,16116850424626000,"(10, 60)"
100,RLSSDstar,20210126191722_531,19,16116850425310410,"(10, 60)"
100,RLSSDstar,20210126191722_535,20,16116850425349560,"(10, 60)"
100,RLSSDstar,20210126191722_537,62,16116850425362402,"(10, 60)"
100,RLSSDstar,20210126191722_539,57,16116850425381820,"(10, 60)"
100,RLSSDstar,20210126191722_54,36,16116850425398910,"(10, 60)"
100,RLSSDstar,20210126191722_542,28,16116850425412992,"(10, 60)"
100,RLSSDstar,20210126191722_601,2575,16116850425429270,"(10, 60)"
100,RLSSDstar,20210126191722_604,20,16116850426041592,"(10, 60)"
100,RLSSDstar,20210126191722_683,3295,16116850426188870,"(10, 60)"
100,RLSSDstar,20210126191722_689,41,16116850426883932,"(10, 60)"
100,RLSSDstar,20210126191722_692,72,16116850426907598,"(10, 60)"
100,RLSSDstar,20210126191722_697,28,16116850426975110,"(10, 60)"
100,RLSSDstar,20210126191722_699,44,16116850426986858,"(10, 60)"
100,RLSSDstar,20210126191722_729,1449,16116850427039290,"(10, 60)"
100,RLSSDstar,20210126191722_735,11,16116850427351192,"(10, 60)"
100,RLSSDstar,20210126191722_742,339,16116850427360620,"(10, 60)"
100,RLSSDstar,20210126191722_744,19,16116850427437050,"(10, 60)"
100,RLSSDstar,20210126191722_758,87,16116850427567890,"(10, 60)"
100,RLSSDstar,20210126191722_76,6,16116850427601358,"(10, 60)"
100,RLSSDstar,20210126191722_763,53,16116850427629030,"(10, 60)"
100,RLSSDstar,20210126191722_78,7,16116850427798150,"(10, 60)"
100,RLSSDstar,20210126191722_781,40,16116850427809970,"(10, 60)"
100,RLSSDstar,20210126191722_786,154,16116850427823190,"(10, 60)"
100,RLSSDstar,20210126191722_939,29,16116850429389970,"(10, 60)"
100,RLSSDstar,20210126191723_165,6142,16116850430475080,"(10, 60)"
100,RLSSDstar,20210126191723_177,15,16116850431771420,"(10, 60)"
100,RLSSDstar,20210126191723_182,18,16116850431821480,"(10, 60)"
100,RLSSDstar,20210126191723_454,24,16116850434537920,"(10, 60)"
100,RLSSDstar,20210126191723_482,1444,16116850434548718,"(10, 60)"
100,RLSSDstar,20210126191723_493,23,16116850434924790,"(10, 60)"
100,RLSSDstar,20210126191723_497,80,16116850434949260,"(10, 60)"
100,RLSSDstar,20210126191723_498,10,16116850434986430,"(10, 60)"
100,RLSSDstar,20210126191723_542,37,16116850435412180,"(10, 60)"
100,RLSSDstar,20210126191723_543,22,16116850435433390,"(10, 60)"
100,RLSSDstar,20210126191723_583,915,16116850435668160,"(10, 60)"
100,RLSSDstar,20210126191723_59,119,16116850435878912,"(10, 60)"
100,RLSSDstar,20210126191723_602,190,16116850435967670,"(10, 60)"
100,RLSSDstar,20210126191723_63,881,16116850436083130,"(10, 60)"
100,RLSSDstar,20210126191723_661,1389,16116850436355820,"(10, 60)"
100,RLSSDstar,20210126191723_663,36,16116850436626970,"(10, 60)"
100,RLSSDstar,20210126191723_666,108,16116850436641260,"(10, 60)"
100,RLSSDstar,20210126191723_689,1174,16116850436670030,"(10, 60)"
100,RLSSDstar,20210126191723_692,48,16116850436907390,"(10, 60)"
100,RLSSDstar,20210126191723_718,1184,16116850436932280,"(10, 60)"
100,RLSSDstar,20210126191723_738,1096,16116850437204860,"(10, 60)"
100,RLSSDstar,20210126191723_754,13,16116850437541020,"(10, 60)"
100,RLSSDstar,20210126191723_779,1171,16116850437564910,"(10, 60)"
100,RLSSDstar,20210126191723_783,88,16116850437816780,"(10, 60)"
100,RLSSDstar,20210126191723_796,168,16116850437932520,"(10, 60)"
100,RLSSDstar,20210126191723_91,77,16116850439075930,"(10, 60)"
100,RLSSDstar,20210126191723_914,112,16116850439110652,"(10, 60)"
100,RLSSDstar,20210126191724_001,3248,16116850439488890,"(10, 60)"
100,RLSSDstar,20210126191724_004,45,16116850440037810,"(10, 60)"
100,RLSSDstar,20210126191724_005,44,16116850440051190,"(10, 60)"
100,RLSSDstar,20210126191724_027,43,16116850440262370,"(10, 60)"
100,RLSSDstar,20210126191724_043,5,16116850440434812,"(10, 60)"
100,RLSSDstar,20210126191724_088,1207,16116850440672268,"(10, 60)"
100,RLSSDstar,20210126191724_115,1172,16116850440890492,"(10, 60)"
100,RLSSDstar,20210126191724_117,32,16116850441165120,"(10, 60)"
100,RLSSDstar,20210126191724_2,2914,16116850441491170,"(10, 60)"
100,RLSSDstar,20210126191724_203,91,16116850442016900,"(10, 60)"
100,RLSSDstar,20210126191724_268,1280,16116850442391870,"(10, 60)"
100,RLSSDstar,20210126191724_27,71,16116850442694280,"(10, 60)"
100,RLSSDstar,20210126191724_29,289,16116850442856070,"(10, 60)"
100,RLSSDstar,20210126191724_319,15,16116850443189090,"(10, 60)"
100,RLSSDstar,20210126191724_322,54,16116850443216570,"(10, 60)"
100,RLSSDstar,20210126191724_323,23,16116850443232150,"(10, 60)"
100,RLSSDstar,20210126191724_352,42,16116850443519740,"(10, 60)"
100,RLSSDstar,20210126191724_353,27,16116850443534018,"(10, 60)"
100,RLSSDstar,20210126191724_355,37,16116850443545980,"(10, 60)"
100,RLSSDstar,20210126191724_397,35,16116850443966730,"(10, 60)"
100,RLSSDstar,20210126191724_478,4313,16116850443981350,"(10, 60)"
100,RLSSDstar,20210126191724_48,13,16116850444801890,"(10, 60)"
100,RLSSDstar,20210126191724_602,364,16116850445955810,"(10, 60)"
100,RLSSDstar,20210126191724_617,607,16116850446053370,"(10, 60)"
100,RLSSDstar,20210126191724_645,1332,16116850446182610,"(10, 60)"
100,RLSSDstar,20210126191724_646,10,16116850446462160,"(10, 60)"
100,RLSSDstar,20210126191724_648,49,16116850446473530,"(10, 60)"
100,RLSSDstar,20210126191724_663,18,16116850446636140,"(10, 60)"
100,RLSSDstar,20210126191724_689,1338,16116850446645870,"(10, 60)"
100,RLSSDstar,20210126191724_691,25,16116850446903100,"(10, 60)"
100,RLSSDstar,20210126191724_728,289,16116850447218130,"(10, 60)"
100,RLSSDstar,20210126191724_729,35,16116850447291120,"(10, 60)"
100,RLSSDstar,20210126191724_781,2378,16116850447304530,"(10, 60)"
100,RLSSDstar,20210126192034_353,10,16116852343526670,"(10, 20)"
100,RLSSDstar,20210126192034_358,46,16116852343578450,"(10, 20)"
100,RLSSDstar,20210126192034_359,30,16116852343593040,"(10, 20)"
100,RLSSDstar,20210126192034_401,6,16116852344010990,"(10, 20)"
100,RLSSDstar,20210126192034_404,4,16116852344048590,"(10, 20)"
100,RLSSDstar,20210126192034_406,40,16116852344059560,"(10, 20)"
100,RLSSDstar,20210126192034_435,9,16116852344349660,"(10, 20)"
100,RLSSDstar,20210126192036_682,9,16116852366824150,"(10, 20)"
100,RLSSDstar,20210126192036_683,4,16116852366829640,"(10, 20)"
100,RLSSDstar,20210126192036_684,3,16116852366840140,"(10, 20)"
400,RLSSDstar,20210126192352_756,5562221,16116852996918932,"(20, 120)"
400,RLSSDstar,20210126192353_142,18044,16116854327579360,"(20, 120)"
400,RLSSDstar,20210126192356_14,132027,16116854331428530,"(20, 120)"
400,RLSSDstar,20210126192357_608,145,16116854376054650,"(20, 120)"
400,RLSSDstar,20210126192357_61,30,16116854376091710,"(20, 120)"
400,RLSSDstar,20210126192429_96,1400881,16116854376110130,"(20, 120)"
400,RLSSDstar,20210126192650_216,5541308,16116854699617168,"(20, 120)"
400,RLSSDstar,20210126192651_874,78832,16116856102178600,"(20, 120)"
400,RLSSDstar,20210126192651_875,32,16116856118751832,"(20, 120)"
400,RLSSDstar,20210126192651_88,203,16116856118764750,"(20, 120)"
400,RLSSDstar,20210126192651_884,156,16116856118809782,"(20, 120)"
400,RLSSDstar,20210126192651_969,2681,16116856118946878,"(20, 120)"
400,RLSSDstar,20210126192651_973,135,16116856119707150,"(20, 120)"
400,RLSSDstar,20210126192703_699,546930,16116856119773080,"(20, 120)"
400,RLSSDstar,20210126192727_525,54751,16116856463994228,"(20, 120)"
400,RLSSDstar,20210126192728_596,37,16116856485960938,"(20, 120)"
400,RLSSDstar,20210126192729_775,8488,16116856496006200,"(20, 120)"
400,RLSSDstar,20210126192730_928,52338,16116856497797380,"(20, 120)"
400,RLSSDstar,20210126192731_043,1495,16116856510129440,"(20, 120)"
400,RLSSDstar,20210126192954_818,5547402,16116856510439178,"(20, 120)"
400,RLSSDstar,20210126192954_825,113,16116857948236440,"(20, 120)"
400,RLSSDstar,20210126192955_115,13672,16116857948265480,"(20, 120)"
400,RLSSDstar,20210126192955_119,103,16116857951168640,"(20, 120)"
400,RLSSDstar,20210126192955_311,9550,16116857951197690,"(20, 120)"
400,RLSSDstar,20210126193009_423,590640,16116857953215620,"(20, 120)"
400,RLSSDstar,20210126193353_714,12073,16116860334053390,"(20, 120)"
400,RLSSDstar,20210126193446_582,1989,16116860865334430,"(20, 120)"
400,RLSSDstar,20210126193446_665,2144,16116860865839642,"(20, 120)"
400,RLSSDstar,20210126193446_68,583,16116860866662050,"(20, 120)"
400,RLSSDstar,20210126193512_576,136,16116861125733170,"(20, 120)"
400,RLSSDstar,20210126193512_579,75,16116861125778260,"(20, 120)"
400,RLSSDstar,20210126193516_706,57953,16116861148112782,"(20, 120)"
400,RLSSDstar,20210126193520_455,33,16116861204540970,"(20, 120)"
400,RLSSDstar,20210126193534_641,20,16116861346413680,"(20, 120)"
400,RLSSDstar,20210126193534_644,89,16116861346425960,"(20, 120)"
400,RLSSDstar,20210126193534_647,89,16116861346451530,"(20, 120)"
400,RLSSDstar,20210126193534_738,4288,16116861346485450,"(20, 120)"
400,RLSSDstar,20210126193536_162,67351,16116861347396500,"(20, 120)"
400,RLSSDstar,20210126193921_62,11431,16116863613860270,"(20, 120)"
400,RLSSDstar,20210126193921_638,62,16116863616372312,"(20, 120)"
400,RLSSDstar,20210126193921_642,113,16116863616396912,"(20, 120)"
400,RLSSDstar,20210126193921_648,127,16116863616463460,"(20, 120)"
400,RLSSDstar,20210126194039_144,3202372,16116863616495730,"(20, 120)"
400,RLSSDstar,20210126194039_555,70,16116864395539250,"(20, 120)"
400,RLSSDstar,20210126194039_651,432,16116864396363210,"(20, 120)"
400,RLSSDstar,20210126194039_693,88,16116864396895830,"(20, 120)"
400,RLSSDstar,20210126194039_746,1502,16116864396946780,"(20, 120)"
400,RLSSDstar,20210126194039_764,333,16116864397547880,"(20, 120)"
400,RLSSDstar,20210126194039_814,1954,16116864397663660,"(20, 120)"
400,RLSSDstar,20210126194246_575,5646986,16116864398158850,"(20, 120)"
400,RLSSDstar,20210126194246_578,70,16116865665770380,"(20, 120)"
400,RLSSDstar,20210126194247_036,81,16116865670342870,"(20, 120)"
400,RLSSDstar,20210126194247_048,523,16116865670369400,"(20, 120)"
400,RLSSDstar,20210126194247_511,24035,16116865670490970,"(20, 120)"
400,RLSSDstar,20210126194247_707,10061,16116865675128030,"(20, 120)"
400,RLSSDstar,20210126194247_713,196,16116865677083550,"(20, 120)"
400,RLSSDstar,20210126194247_753,67,16116865677519160,"(20, 120)"
400,RLSSDstar,20210126194247_754,61,16116865677537710,"(20, 120)"
400,RLSSDstar,20210126194248_681,47130,16116865677679910,"(20, 120)"
400,RLSSDstar,20210126194248_687,250,16116865686819680,"(20, 120)"
400,RLSSDstar,20210126194249_093,728,16116865690786040,"(20, 120)"
400,RLSSDstar,20210126194249_106,638,16116865690942700,"(20, 120)"
400,RLSSDstar,20210126194249_278,8389,16116865691070420,"(20, 120)"
400,RLSSDstar,20210126194249_283,191,16116865692796370,"(20, 120)"
400,RLSSDstar,20210126194249_312,543,16116865693020320,"(20, 120)"
400,RLSSDstar,20210126194249_338,1003,16116865693173340,"(20, 120)"
400,RLSSDstar,20210126194901_735,12925,16116869414416440,"(20, 120)"
400,RLSSDstar,20210126194901_743,244,16116869417375610,"(20, 120)"
400,RLSSDstar,20210126194902_809,292,16116869428027080,"(20, 120)"
400,RLSSDstar,20210126194905_573,66290,16116869440555360,"(20, 120)"
400,RLSSDstar,20210126194905_586,167,16116869455826550,"(20, 120)"
400,RLSSDstar,20210126195159_381,5557266,16116869954547710,"(20, 120)"
400,RLSSDstar,20210126195159_385,100,16116871193831610,"(20, 120)"
400,RLSSDstar,20210126195338_935,9574,16116872187439050,"(20, 120)"
400,RLSSDstar,20210126195441_152,3039085,16116872189366510,"(20, 120)"
400,RLSSDstar,20210126195441_169,423,16116872811586430,"(20, 120)"
400,RLSSDstar,20210126195803_931,54,16116874839299960,"(20, 120)"
400,RLSSDstar,20210126195852_393,9494,16116875321951650,"(20, 120)"
400,RLSSDstar,20210126195853_472,51479,16116875323947980,"(20, 120)"
400,RLSSDstar,20210126195906_255,640301,16116875334732298,"(20, 120)"
400,RLSSDstar,20210126195919_878,686469,16116875462643910,"(20, 120)"
400,RLSSDstar,20210126195920_066,9474,16116875598795380,"(20, 120)"
400,RLSSDstar,20210126195920_069,65,16116875600676290,"(20, 120)"
400,RLSSDstar,20210126195921_337,65675,16116875600992260,"(20, 120)"
400,RLSSDstar,20210126195927_138,279816,16116875613386950,"(20, 120)"
400,RLSSDstar,20210126195927_15,439,16116875671396192,"(20, 120)"
400,RLSSDstar,20210126195927_158,145,16116875671551400,"(20, 120)"
400,RLSSDstar,20210126195929_501,2311,16116875694525590,"(20, 120)"
400,RLSSDstar,20210126195930_634,56461,16116875695026520,"(20, 120)"
400,RLSSDstar,20210126200247_029,164,16116877670261778,"(20, 120)"
400,RLSSDstar,20210126200550_531,66,16116879505302450,"(20, 120)"
400,RLSSDstar,20210126200624_404,70,16116879844033130,"(20, 120)"
400,RLSSDstar,20210126200708_409,86,16116880284078970,"(20, 120)"
400,RLSSDstar,20210126200708_411,50,16116880284102030,"(20, 120)"
400,RLSSDstar,20210126200708_635,11333,16116880284116520,"(20, 120)"
400,RLSSDstar,20210126200902_167,5592118,16116880286586772,"(20, 120)"
400,RLSSDstar,20210126200913_098,554074,16116881421701930,"(20, 120)"
400,RLSSDstar,20210126200913_129,1465,16116881530988810,"(20, 120)"
400,RLSSDstar,20210126200913_221,3932,16116881531303820,"(20, 120)"
400,RLSSDstar,20210126200924_611,567426,16116881532223200,"(20, 120)"
400,RLSSDstar,20210126200924_634,64,16116881646329240,"(20, 120)"
400,RLSSDstar,20210126200924_772,98,16116881647700710,"(20, 120)"
400,RLSSDstar,20210126200925_586,42524,16116881647757800,"(20, 120)"
400,RLSSDstar,20210126201239_884,9595569,16116881655908288,"(20, 120)"
400,RLSSDstar,20210126201239_887,84,16116883598858590,"(20, 120)"
400,RLSSDstar,20210126201242_251,38211,16116883615124840,"(20, 120)"
400,RLSSDstar,20210126201242_256,173,16116883622520860,"(20, 120)"
400,RLSSDstar,20210126201242_264,69,16116883622634890,"(20, 120)"
400,RLSSDstar,20210126201242_312,2017,16116883622685260,"(20, 120)"
400,RLSSDstar,20210126201242_335,106,16116883623336648,"(20, 120)"
400,RLSSDstar,20210126201642_014,1739610,16116885677342330,"(20, 120)"
400,RLSSDstar,20210126201642_019,182,16116886020162790,"(20, 120)"
400,RLSSDstar,20210126201642_022,94,16116886020206720,"(20, 120)"
400,RLSSDstar,20210126201742_053,2981677,16116886020273160,"(20, 120)"
400,RLSSDstar,20210126201813_052,1586575,16116886620631490,"(20, 120)"
400,RLSSDstar,20210126201813_059,58,16116886930580550,"(20, 120)"
400,RLSSDstar,20210126202437_144,57,16116890771429492,"(20, 120)"
400,RLSSDstar,20210126202450_0,657534,16116890771504210,"(20, 120)"
400,RLSSDstar,20210126202450_434,22471,16116890900010942,"(20, 120)"
400,RLSSDstar,20210126202450_834,130,16116890908323842,"(20, 120)"
400,RLSSDstar,20210126202855_959,2958509,16116892766785360,"(20, 120)"
400,RLSSDstar,20210126203209_72,35494,16116895290417630,"(20, 120)"
400,RLSSDstar,20210126203209_723,29,16116895297223160,"(20, 120)"
400,RLSSDstar,20210126203209_733,128,16116895297311810,"(20, 120)"
400,RLSSDstar,20210126203210_213,68,16116895302122910,"(20, 120)"
400,RLSSDstar,20210126203509_242,27432,16116897086980938,"(20, 120)"
400,RLSSDstar,20210126203509_245,82,16116897092432712,"(20, 120)"
400,RLSSDstar,20210126203509_574,17259,16116897092457458,"(20, 120)"
53084160000,RLSSDstar,20210201202928_342,323608,16122076726954700,60
49787136,RLSSDstar,20210201203420_111,6289,16122080597758060,24
1049760000,RLSSDstar,20210201203516_065,98131,16122081055691400,36
9475854336,RLSSDstar,20210201203847_982,158384,16122083014259850,48
